Date,Open,High,Low,Close,Adj Close,Volume
2018-01-01,,,,,,
2018-01-02,9055.8515625,9177.173828125,8951.861328125,9081.849609375,7319.87255859375,4465.0
2018-01-03,9133.8447265625,9168.5078125,9003.8564453125,9029.853515625,7277.96337890625,3576.0
2018-01-04,9047.185546875,9333.16015625,9047.185546875,9281.1650390625,7480.5185546875,5781.0
2018-01-05,9246.5009765625,9367.8232421875,9246.5009765625,9350.4921875,7536.39501953125,2189.0
2018-01-08,9350.4921875,9740.45703125,9341.826171875,9584.470703125,7724.97998046875,9876.0
2018-01-09,9619.1337890625,9792.4521484375,9471.814453125,9471.814453125,7634.1796875,8922.0
2018-01-10,9497.8115234375,9497.8115234375,9125.1787109375,9263.8330078125,7466.548828125,15226.0
2018-01-11,9315.828125,9350.4921875,9133.8447265625,9333.16015625,7522.42529296875,8454.0
2018-01-12,9341.826171875,9454.482421875,9324.494140625,9324.494140625,7515.44140625,6088.0
2018-01-15,9333.16015625,9367.8232421875,9289.8310546875,9307.162109375,7501.4716796875,3128.0
2018-01-16,9315.828125,9341.826171875,9237.8349609375,9272.4990234375,7473.53369140625,4734.0
2018-01-17,9281.1650390625,9281.1650390625,9142.5107421875,9185.83984375,7403.68701171875,6934.0
2018-01-18,9194.505859375,9220.50390625,9133.8447265625,9220.50390625,7431.62548828125,3781.0
2018-01-19,9237.8349609375,9237.8349609375,9021.1884765625,9099.1806640625,7333.8408203125,5252.0
2018-01-22,9107.8466796875,9116.5126953125,9029.853515625,9099.1806640625,7333.8408203125,6691.0
2018-01-23,9125.1787109375,9419.8193359375,9125.1787109375,9272.4990234375,7473.53369140625,9798.0
2018-01-24,9489.1455078125,9627.7998046875,9454.482421875,9575.8046875,7717.99462890625,8178.0
2018-01-25,9532.4755859375,9567.138671875,9402.4873046875,9445.81640625,7613.22509765625,6710.0
2018-01-26,9445.81640625,9497.8115234375,9367.8232421875,9393.8212890625,7571.31787109375,4355.0
2018-01-29,9393.8212890625,9402.4873046875,9263.8330078125,9298.49609375,7494.48681640625,4484.0
2018-01-30,9246.5009765625,9246.5009765625,8995.1904296875,8995.1904296875,7250.02587890625,6175.0
2018-01-31,9021.1884765625,9099.1806640625,8882.5341796875,8882.5341796875,7159.2265625,6639.0
2018-02-01,8986.5244140625,8986.5244140625,8717.8818359375,8769.876953125,7068.42529296875,6991.0
2018-02-02,8769.876953125,8821.873046875,8570.5615234375,8644.2216796875,6967.14892578125,6883.0
2018-02-05,8644.2216796875,8709.2158203125,8479.5703125,8674.552734375,6991.59521484375,8089.0
2018-02-06,8323.583984375,8574.89453125,8323.583984375,8492.5693359375,6844.91845703125,11392.0
2018-02-07,8639.888671875,8743.8798828125,8557.5634765625,8631.2236328125,6956.67236328125,7258.0
2018-02-08,8600.892578125,8665.88671875,8496.90234375,8544.564453125,6886.826171875,5514.0
2018-02-09,8392.9111328125,8626.890625,8132.9345703125,8492.5693359375,6844.91845703125,12193.0
2018-02-12,8674.552734375,8925.86328125,8674.552734375,8830.5390625,7117.31787109375,7133.0
2018-02-13,8830.5390625,8830.5390625,8622.5576171875,8657.220703125,6977.62548828125,8086.0
2018-02-14,8700.5498046875,8717.8818359375,8522.8994140625,8709.2158203125,7019.533203125,4560.0
2018-02-15,8787.208984375,8839.2041015625,8644.2216796875,8683.21875,6998.57958984375,6080.0
2018-02-16,8743.8798828125,8925.86328125,8683.21875,8925.86328125,7194.14892578125,6884.0
2018-02-19,8969.1923828125,9073.18359375,8917.197265625,8943.1953125,7208.11865234375,6004.0
2018-02-20,8865.2021484375,8865.2021484375,8544.564453125,8691.884765625,7005.56494140625,14535.0
2018-02-21,8717.8818359375,8717.8818359375,8310.5849609375,8336.5830078125,6719.1953125,12898.0
2018-02-22,8336.5830078125,8336.5830078125,8076.6064453125,8189.26318359375,6600.45703125,13605.0
2018-02-23,8223.9267578125,8349.58203125,8193.595703125,8319.2509765625,6705.2255859375,6067.0
2018-02-26,8384.2451171875,8410.2431640625,8358.248046875,8388.578125,6761.1025390625,3261.0
2018-02-27,8405.91015625,8423.2421875,8297.5869140625,8423.2421875,6789.0419921875,4866.0
2018-02-28,8410.2431640625,8410.2431640625,8310.5849609375,8310.5849609375,6698.2412109375,7196.0
2018-03-01,8301.919921875,8375.5791015625,8258.58984375,8375.5791015625,6750.6259765625,4903.0
2018-03-02,8223.9267578125,8228.259765625,7942.28515625,8011.6123046875,6457.2724609375,11112.0
2018-03-05,7981.28173828125,8093.93798828125,7937.9521484375,7972.61572265625,6425.84130859375,4683.0
2018-03-06,8015.9453125,8202.26171875,7994.2802734375,8028.94384765625,6471.2412109375,8656.0
2018-03-07,7937.9521484375,7981.28173828125,7820.962890625,7877.291015625,6349.01123046875,10619.0
2018-03-08,7894.623046875,7924.95361328125,7712.63916015625,7829.62890625,6310.595703125,8445.0
2018-03-09,7838.29443359375,7855.62646484375,7703.97314453125,7812.296875,6296.62646484375,4875.0
2018-03-12,7838.29443359375,7885.95703125,7786.29931640625,7816.6298828125,6300.11865234375,3819.0
2018-03-13,7842.62744140625,7933.619140625,7794.96533203125,7820.962890625,6303.611328125,5365.0
2018-03-14,7859.95947265625,7859.95947265625,7742.9697265625,7760.3017578125,6254.71875,7627.0
2018-03-15,7777.63330078125,7803.630859375,7699.64013671875,7794.96533203125,6282.6572265625,7001.0
2018-03-16,7799.2978515625,7963.94970703125,7755.96875,7937.9521484375,6397.90283203125,12950.0
2018-03-19,7885.95703125,7890.2900390625,7781.96630859375,7812.296875,6296.62646484375,5922.0
2018-03-20,7799.2978515625,7820.962890625,7435.3310546875,7664.97705078125,6177.88818359375,13978.0
2018-03-21,7703.97314453125,7794.96533203125,7682.30859375,7721.30517578125,6223.28857421875,11713.0
2018-03-22,7703.97314453125,7816.6298828125,7660.64404296875,7686.6416015625,6195.349609375,7962.0
2018-03-23,7543.654296875,7682.30859375,7469.994140625,7634.64599609375,6153.44140625,9056.0
2018-03-26,7703.97314453125,7807.9638671875,7695.3076171875,7721.30517578125,6223.28857421875,5888.0
2018-03-27,7816.6298828125,7920.62060546875,7552.3203125,7582.65087890625,6111.5341796875,8863.0
2018-03-28,7543.654296875,7686.6416015625,7517.65673828125,7673.642578125,6184.87255859375,7153.0
2018-03-29,,,,,,
2018-03-30,,,,,,
2018-04-02,,,,,,
2018-04-03,7625.98046875,7647.64501953125,7539.3212890625,7573.98486328125,6104.54931640625,13788.0
2018-04-04,7591.31689453125,7625.98046875,7474.3271484375,7517.65673828125,6059.1494140625,8004.0
2018-04-05,7552.3203125,7708.30615234375,7539.3212890625,7686.6416015625,6195.349609375,9202.0
2018-04-06,7647.64501953125,7660.64404296875,7582.65087890625,7634.64599609375,6153.44140625,5373.0
2018-04-09,7638.97900390625,7755.96875,7638.97900390625,7734.3037109375,6233.76513671875,11023.0
2018-04-10,7721.30517578125,7734.3037109375,7634.64599609375,7690.974609375,6198.841796875,10434.0
2018-04-11,7556.6533203125,7638.97900390625,7543.654296875,7599.98291015625,6247.34765625,7685.0
2018-04-12,7634.64599609375,7695.3076171875,7604.3154296875,7634.64599609375,6275.84130859375,4670.0
2018-04-13,7738.63671875,7738.63671875,7452.66259765625,7504.65771484375,6168.98828125,10687.0
2018-04-16,7500.3251953125,7547.9873046875,7357.337890625,7383.33544921875,6069.2587890625,10860.0
2018-04-17,7443.99658203125,7469.994140625,7283.677734375,7335.67333984375,6030.07958984375,16194.0
2018-04-18,7279.3447265625,7422.33203125,7279.3447265625,7327.00732421875,6022.95654296875,2138.0
2018-04-19,7357.337890625,7604.3154296875,7335.67333984375,7539.3212890625,6197.482421875,10242.0
2018-04-20,7573.98486328125,7790.63232421875,7543.654296875,7760.3017578125,6379.13330078125,10743.0
2018-04-23,7755.96875,7812.296875,7669.3095703125,7755.96875,6375.57177734375,5934.0
2018-04-24,7777.63330078125,7799.2978515625,7695.3076171875,7764.63427734375,6382.69482421875,4033.0
2018-04-25,7673.642578125,7825.2958984375,7638.97900390625,7708.30615234375,6336.3916015625,4353.0
2018-04-26,7708.30615234375,7859.95947265625,7708.30615234375,7859.95947265625,6461.05419921875,5512.0
2018-04-27,,,,,,
2018-04-30,8184.93017578125,8202.26171875,8050.60888671875,8202.26171875,6742.43359375,10914.0
2018-05-01,8223.9267578125,8271.5888671875,8189.26318359375,8215.2607421875,6753.119140625,2453.0
2018-05-02,8197.9287109375,8236.92578125,8145.93359375,8184.93017578125,6728.18701171875,7221.0
2018-05-03,8145.93359375,8202.26171875,8076.6064453125,8137.267578125,6689.00732421875,6013.0
2018-05-04,8111.27001953125,8184.93017578125,8011.6123046875,8050.60888671875,6617.77197265625,9697.0
2018-05-07,8093.93798828125,8141.6005859375,8011.6123046875,8141.6005859375,6692.5693359375,3310.0
2018-05-08,8184.93017578125,8548.8974609375,8124.26904296875,8518.56640625,7002.443359375,17017.0
2018-05-09,8527.232421875,8622.5576171875,8496.90234375,8605.2255859375,7073.6787109375,13358.0
2018-05-10,,,,,,
2018-05-11,,,,,,
2018-05-14,8652.8876953125,8761.2119140625,8314.91796875,8323.583984375,6842.1630859375,15446.0
2018-05-15,8306.251953125,8401.5771484375,8245.5908203125,8323.583984375,6842.1630859375,8278.0
2018-05-16,8258.58984375,8392.9111328125,8219.59375,8310.5849609375,6831.47802734375,11502.0
2018-05-17,7877.291015625,7877.291015625,7370.33642578125,7621.6474609375,6265.15673828125,26598.0
2018-05-18,7777.63330078125,7777.63330078125,7405.0,7482.9931640625,6151.1796875,16834.0
2018-05-21,,,,,,
2018-05-22,7565.3193359375,7846.96044921875,7560.986328125,7833.96142578125,6439.68310546875,14580.0
2018-05-23,7738.63671875,7907.62158203125,7695.3076171875,7881.6240234375,6478.86279296875,9256.0
2018-05-24,7907.62158203125,7985.61474609375,7699.64013671875,7712.63916015625,6339.953125,6901.0
2018-05-25,7755.96875,7877.291015625,7755.96875,7790.63232421875,6404.06591796875,4229.0
2018-05-28,7807.9638671875,7838.29443359375,7729.97119140625,7734.3037109375,6357.76220703125,3634.0
2018-05-29,7638.97900390625,7716.97216796875,7591.31689453125,7673.642578125,6307.89794921875,5208.0
2018-05-30,7647.64501953125,7703.97314453125,7612.9814453125,7703.97314453125,6332.830078125,10295.0
2018-05-31,7725.63818359375,7911.95458984375,7725.63818359375,7755.96875,6375.57177734375,13217.0
2018-06-01,7755.96875,8145.93359375,7669.3095703125,8145.93359375,6696.130859375,10563.0
2018-06-04,8154.599609375,8223.9267578125,8102.60400390625,8115.60302734375,6671.19873046875,5098.0
2018-06-05,,,,,,
2018-06-06,8054.94189453125,8202.26171875,7998.61328125,8033.27685546875,6603.52490234375,9208.0
2018-06-07,7946.6181640625,8011.6123046875,7859.95947265625,7937.9521484375,6525.16552734375,8707.0
2018-06-08,7877.291015625,7911.95458984375,7773.30029296875,7790.63232421875,6404.06591796875,6600.0
2018-06-11,7816.6298828125,7829.62890625,7751.6357421875,7755.96875,6375.57177734375,2966.0
2018-06-12,7829.62890625,7846.96044921875,7738.63671875,7812.296875,6421.875,4726.0
2018-06-13,7786.29931640625,7972.61572265625,7786.29931640625,7963.94970703125,6546.5361328125,5158.0
2018-06-14,7898.95556640625,8085.2724609375,7898.95556640625,8037.60986328125,6607.0869140625,4447.0
2018-06-15,8020.2783203125,8085.2724609375,7881.6240234375,7972.61572265625,6553.66015625,13879.0
2018-06-18,7842.62744140625,7890.2900390625,7651.97802734375,7695.3076171875,6325.70654296875,9625.0
2018-06-19,7599.98291015625,7599.98291015625,7370.33642578125,7383.33544921875,6069.2587890625,10704.0
2018-06-20,7534.98828125,7647.64501953125,7465.66162109375,7530.65576171875,6190.35986328125,7955.0
2018-06-21,7586.98388671875,7586.98388671875,7456.99560546875,7461.32861328125,6133.37109375,4551.0
2018-06-22,7426.6650390625,7482.9931640625,7288.0107421875,7314.00830078125,6012.2705078125,6034.0
2018-06-25,7314.00830078125,7314.00830078125,7093.0283203125,7093.0283203125,5830.6201171875,11654.0
2018-06-26,7136.35791015625,7136.35791015625,6945.7080078125,6963.0400390625,5723.767578125,7341.0
2018-06-27,6997.70361328125,6997.70361328125,6724.72802734375,6954.3740234375,5716.6435546875,20262.0
2018-06-28,6854.71630859375,7019.3681640625,6772.390625,6802.72119140625,5591.98193359375,7294.0
2018-06-29,6846.05029296875,6950.041015625,6304.4326171875,6564.4091796875,5396.083984375,23637.0
2018-07-02,6542.74462890625,6599.07275390625,6412.75634765625,6499.4150390625,5342.6572265625,8893.0
2018-07-03,6529.74560546875,6638.0693359375,6503.748046875,6581.7412109375,5410.33154296875,8310.0
2018-07-04,6607.73876953125,6625.0703125,6542.74462890625,6581.7412109375,5410.33154296875,5965.0
2018-07-05,6573.0751953125,6612.07177734375,6352.09521484375,6395.42431640625,5257.17529296875,11957.0
2018-07-06,6417.08935546875,6443.0869140625,6291.43359375,6360.7607421875,5228.6806640625,6165.0
2018-07-09,6469.08447265625,6703.0634765625,6417.08935546875,6564.4091796875,5396.083984375,11039.0
2018-07-10,6594.73974609375,6594.73974609375,6421.421875,6495.08203125,5339.095703125,6764.0
2018-07-11,6438.75390625,6438.75390625,6261.10302734375,6308.765625,5185.93994140625,7031.0
2018-07-12,6495.08203125,6625.0703125,6412.75634765625,6482.08349609375,5328.41064453125,4136.0
2018-07-13,6625.0703125,6651.06787109375,6499.4150390625,6620.7373046875,5442.38720703125,7406.0
2018-07-16,6646.7353515625,6681.3984375,6482.08349609375,6482.08349609375,5328.41064453125,3553.0
2018-07-17,6551.41015625,6659.73388671875,6547.07763671875,6659.73388671875,5474.443359375,4502.0
2018-07-18,6659.73388671875,6811.38720703125,6625.0703125,6794.05517578125,5584.85791015625,4262.0
2018-07-19,6798.38818359375,7049.69873046875,6772.390625,6963.0400390625,5723.767578125,7342.0
2018-07-20,6971.7060546875,7019.3681640625,6841.7177734375,7019.3681640625,5770.06982421875,7094.0
2018-07-23,7019.3681640625,7019.3681640625,6798.38818359375,6824.3857421875,5609.79052734375,5318.0
2018-07-24,6846.05029296875,6950.041015625,6833.0517578125,6872.04833984375,5648.970703125,7845.0
2018-07-25,6837.384765625,7010.7021484375,6833.0517578125,6993.37060546875,5748.69970703125,9795.0
2018-07-26,7097.361328125,7357.337890625,7093.0283203125,7127.69189453125,5859.11474609375,16541.0
2018-07-27,7153.689453125,7305.34228515625,7114.69287109375,7192.68603515625,5912.541015625,3951.0
2018-07-30,7210.017578125,7210.017578125,7127.69189453125,7153.689453125,5880.4853515625,5935.0
2018-07-31,7192.68603515625,7474.3271484375,7175.35400390625,7430.998046875,6108.4384765625,15098.0
2018-08-01,7374.66943359375,7413.666015625,7201.35205078125,7266.34619140625,5973.091796875,6726.0
2018-08-02,7192.68603515625,7192.68603515625,7097.361328125,7106.02734375,5841.3056640625,3510.0
2018-08-03,7192.68603515625,7192.68603515625,6989.03759765625,7010.7021484375,5762.94677734375,3321.0
2018-08-06,7080.029296875,7080.029296875,6833.0517578125,6893.712890625,5666.77880859375,5137.0
2018-08-07,6833.0517578125,7279.3447265625,6421.421875,7279.3447265625,5983.77685546875,15705.0
2018-08-08,7392.00146484375,7638.97900390625,7335.67333984375,7591.31689453125,6240.224609375,12445.0
2018-08-09,7582.65087890625,7721.30517578125,7547.9873046875,7677.9755859375,6311.45947265625,7716.0
2018-08-10,7651.97802734375,7651.97802734375,7305.34228515625,7374.66943359375,6062.13525390625,5009.0
2018-08-13,7279.3447265625,7379.00244140625,7153.689453125,7166.6884765625,5891.17138671875,3643.0
2018-08-14,7231.6826171875,7257.68017578125,7041.033203125,7075.6962890625,5816.373046875,3969.0
2018-08-15,7110.35986328125,7110.35986328125,6902.37890625,6928.37646484375,5695.2734375,4625.0
2018-08-16,7023.701171875,7032.3671875,6919.71044921875,7028.0341796875,5777.1943359375,4234.0
2018-08-17,7201.35205078125,7366.00390625,7127.69189453125,7188.35302734375,5908.9794921875,8225.0
2018-08-20,7236.015625,7417.9990234375,7192.68603515625,7348.671875,6040.76513671875,5275.0
2018-08-21,7322.67431640625,7469.994140625,7257.68017578125,7370.33642578125,6058.57373046875,5094.0
2018-08-22,7379.00244140625,7565.3193359375,7379.00244140625,7530.65576171875,6190.35986328125,6384.0
2018-08-23,7491.6591796875,7556.6533203125,7422.33203125,7448.32958984375,6122.68603515625,10961.0
2018-08-24,7387.66845703125,7647.64501953125,7387.66845703125,7630.3134765625,6272.2802734375,4408.0
2018-08-27,7630.3134765625,7916.28759765625,7565.3193359375,7825.2958984375,6432.5595703125,10106.0
2018-08-28,7885.95703125,8132.9345703125,7820.962890625,8132.9345703125,6685.4453125,10485.0
2018-08-29,8059.27490234375,8119.93603515625,7924.95361328125,8080.939453125,6642.705078125,16218.0
2018-08-30,8059.27490234375,8202.26171875,7981.28173828125,8202.26171875,6742.43359375,7161.0
2018-08-31,8093.93798828125,8167.59814453125,8011.6123046875,8011.6123046875,6585.71630859375,14272.0
2018-09-03,8007.279296875,8037.60986328125,7773.30029296875,7812.296875,6421.875,5431.0
2018-09-04,7803.630859375,7877.291015625,7539.3212890625,7599.98291015625,6247.34765625,13431.0
2018-09-05,7604.3154296875,7621.6474609375,7379.00244140625,7413.666015625,6094.19091796875,7614.0
2018-09-06,7521.98974609375,7586.98388671875,7379.00244140625,7495.9921875,6161.865234375,5740.0
2018-09-07,7508.99072265625,7530.65576171875,7275.01171875,7430.998046875,6108.4384765625,7665.0
2018-09-10,7335.67333984375,7474.3271484375,7314.00830078125,7374.66943359375,6062.13525390625,4507.0
2018-09-11,7409.3330078125,7409.3330078125,7075.6962890625,7114.69287109375,5848.4287109375,7246.0
2018-09-12,7201.35205078125,7314.00830078125,7140.6904296875,7244.68115234375,5955.2822265625,3292.0
2018-09-13,7335.67333984375,7426.6650390625,7301.009765625,7348.671875,6040.76513671875,3528.0
2018-09-14,7392.00146484375,7409.3330078125,7192.68603515625,7210.017578125,5926.7880859375,3588.0
2018-09-17,7119.02587890625,7309.67529296875,7071.36376953125,7175.35400390625,5898.29345703125,2221.0
2018-09-18,7192.68603515625,7443.99658203125,7175.35400390625,7430.998046875,6108.4384765625,6002.0
2018-09-19,7396.33447265625,7608.6484375,7344.3388671875,7534.98828125,6193.9208984375,4288.0
2018-09-20,7565.3193359375,7621.6474609375,7504.65771484375,7539.3212890625,6197.482421875,3656.0
2018-09-21,7625.98046875,7777.63330078125,7612.9814453125,7638.97900390625,6279.4033203125,9746.0
2018-09-24,7543.654296875,7651.97802734375,7521.98974609375,7556.6533203125,6211.72998046875,5964.0
2018-09-25,7578.31787109375,7621.6474609375,7521.98974609375,7534.98828125,6193.9208984375,3499.0
2018-09-26,7526.32275390625,7526.32275390625,7435.3310546875,7452.66259765625,6126.24755859375,4878.0
2018-09-27,7452.66259765625,7495.9921875,7301.009765625,7430.998046875,6108.4384765625,4117.0
2018-09-28,7435.3310546875,7465.66162109375,7283.677734375,7301.009765625,6001.5849609375,7183.0
2018-10-01,7283.677734375,7517.65673828125,7283.677734375,7331.34033203125,6026.51806640625,3689.0
2018-10-02,7331.34033203125,7469.994140625,7205.68505859375,7452.66259765625,6126.24755859375,3674.0
2018-10-03,7257.68017578125,7469.994140625,7257.68017578125,7409.3330078125,6090.62939453125,1879.0
2018-10-04,7392.00146484375,7392.00146484375,7119.02587890625,7153.689453125,5880.4853515625,4118.0
2018-10-05,7123.35888671875,7192.68603515625,6880.7138671875,6880.7138671875,5656.09326171875,6620.0
2018-10-08,6863.38232421875,6889.3798828125,6633.736328125,6854.71630859375,5634.72265625,4757.0
2018-10-09,6863.38232421875,6993.37060546875,6841.7177734375,6924.04345703125,5691.7109375,3578.0
2018-10-10,6889.3798828125,6893.712890625,6724.72802734375,6724.72802734375,5527.86962890625,3027.0
2018-10-11,6564.4091796875,6759.3916015625,6430.087890625,6729.06103515625,5531.431640625,4551.0
2018-10-12,6724.72802734375,6885.046875,6711.7294921875,6798.38818359375,5588.41943359375,5316.0
2018-10-15,6807.05419921875,6859.04931640625,6733.39404296875,6798.38818359375,5588.41943359375,5176.0
2018-10-16,6802.72119140625,6993.37060546875,6798.38818359375,6971.7060546875,5730.89111328125,4898.0
2018-10-17,7015.03515625,7019.3681640625,6742.06005859375,6841.7177734375,5624.03759765625,9949.0
2018-10-18,6863.38232421875,6937.04248046875,6768.0576171875,6906.7119140625,5677.4638671875,3742.0
2018-10-19,6807.05419921875,6906.7119140625,6599.07275390625,6690.064453125,5499.37548828125,12077.0
2018-10-22,6742.06005859375,6846.05029296875,6590.40673828125,6646.7353515625,5463.75830078125,3332.0
2018-10-23,6586.07373046875,6616.404296875,6321.76416015625,6356.427734375,5225.11865234375,8940.0
2018-10-24,6408.42333984375,6534.07861328125,6343.42919921875,6451.75244140625,5303.4775390625,4790.0
2018-10-25,6326.09716796875,6581.7412109375,6313.0986328125,6464.75146484375,5314.16357421875,11239.0
2018-10-26,6473.41748046875,6482.08349609375,6287.1005859375,6399.75732421875,5260.73681640625,6167.0
2018-10-29,6382.42578125,6759.3916015625,6382.42578125,6668.39990234375,5481.56689453125,6489.0
2018-10-30,6668.39990234375,6668.39990234375,6404.09033203125,6542.74462890625,5378.275390625,4779.0
2018-10-31,6573.0751953125,6828.71875,6495.08203125,6794.05517578125,5584.85791015625,8064.0
2018-11-01,6776.7236328125,7075.6962890625,6772.390625,7062.69775390625,5805.68798828125,7764.0
2018-11-02,7171.021484375,7301.009765625,7062.69775390625,7166.6884765625,5891.17138671875,8503.0
2018-11-05,7127.69189453125,7127.69189453125,6941.37548828125,7006.36962890625,5759.384765625,4790.0
2018-11-06,6967.373046875,7019.3681640625,6880.7138671875,6906.7119140625,5677.4638671875,6267.0
2018-11-07,6976.0390625,7084.3623046875,6815.7197265625,6885.046875,5659.6552734375,10612.0
2018-11-08,6980.37158203125,7114.69287109375,6863.38232421875,7045.36572265625,5791.4404296875,6306.0
2018-11-09,7097.361328125,7097.361328125,6815.7197265625,7019.3681640625,5770.06982421875,4682.0
2018-11-12,7093.0283203125,7162.35546875,6997.70361328125,7023.701171875,5773.6318359375,4689.0
2018-11-13,7045.36572265625,7162.35546875,6967.373046875,7023.701171875,5773.6318359375,8460.0
2018-11-14,7192.68603515625,7361.6708984375,6889.3798828125,7041.033203125,5787.87939453125,9405.0
2018-11-15,7067.03076171875,7114.69287109375,6963.0400390625,6976.0390625,5734.45263671875,6755.0
2018-11-16,6989.03759765625,7171.021484375,6989.03759765625,7093.0283203125,5830.6201171875,7277.0
2018-11-19,7080.029296875,7210.017578125,7054.03173828125,7106.02734375,5841.3056640625,9205.0
2018-11-20,7049.69873046875,7049.69873046875,6798.38818359375,6980.37158203125,5738.013671875,13818.0
2018-11-21,6846.05029296875,7036.7001953125,6846.05029296875,6997.70361328125,5752.26171875,8216.0
2018-11-22,7010.7021484375,7166.6884765625,6937.04248046875,7119.02587890625,5851.9912109375,6441.0
2018-11-23,7019.3681640625,7192.68603515625,7019.3681640625,7188.35302734375,5908.9794921875,6482.0
2018-11-26,7205.68505859375,7513.32373046875,7205.68505859375,7513.32373046875,6176.1123046875,11141.0
2018-11-27,7413.666015625,7682.30859375,7396.33447265625,7669.3095703125,6304.3359375,10984.0
2018-11-28,7690.974609375,7773.30029296875,7638.97900390625,7725.63818359375,6350.63916015625,15353.0
2018-11-29,7764.63427734375,7864.2919921875,7690.974609375,7820.962890625,6428.998046875,5813.0
2018-11-30,7829.62890625,7829.62890625,7513.32373046875,7556.6533203125,6211.72998046875,17017.0
2018-12-03,7816.6298828125,7972.61572265625,7695.3076171875,7725.63818359375,6350.63916015625,13764.0
2018-12-04,7660.64404296875,7677.9755859375,7491.6591796875,7521.98974609375,6183.23583984375,11072.0
2018-12-05,7491.6591796875,7578.31787109375,7314.00830078125,7443.99658203125,6119.12353515625,7059.0
2018-12-06,7348.671875,7366.00390625,7010.7021484375,7110.35986328125,5844.8671875,12926.0
2018-12-07,7240.34814453125,7314.00830078125,7006.36962890625,7253.34716796875,5962.40576171875,5931.0
2018-12-10,7054.03173828125,7067.03076171875,6932.70947265625,6958.70703125,5720.20556640625,7619.0
2018-12-11,6984.70458984375,7231.6826171875,6954.3740234375,7188.35302734375,5908.9794921875,6499.0
2018-12-12,7188.35302734375,7257.68017578125,7071.36376953125,7227.349609375,5941.03515625,6202.0
2018-12-13,7275.01171875,7370.33642578125,7214.3505859375,7314.00830078125,6012.2705078125,4221.0
2018-12-14,7301.009765625,7301.009765625,7088.6953125,7223.0166015625,5937.4736328125,6610.0
2018-12-17,7192.68603515625,7201.35205078125,7058.36474609375,7075.6962890625,5816.373046875,5165.0
2018-12-18,7080.029296875,7136.35791015625,6997.70361328125,6997.70361328125,5752.26171875,8346.0
2018-12-19,6976.0390625,6997.70361328125,6863.38232421875,6919.71044921875,5688.1494140625,9080.0
2018-12-20,6867.71533203125,6867.71533203125,6616.404296875,6694.3974609375,5502.9375,6655.0
2018-12-21,6685.7314453125,6685.7314453125,6529.74560546875,6586.07373046875,5413.892578125,12578.0
2018-12-24,,,,,,
2018-12-25,,,,,,
2018-12-26,,,,,,
2018-12-27,6577.408203125,6694.3974609375,6464.75146484375,6464.75146484375,5314.16357421875,6253.0
2018-12-28,6568.7421875,6755.05859375,6547.07763671875,6672.73291015625,5485.12890625,5515.0
2018-12-31,,,,,,
2019-01-01,,,,,,
2019-01-02,6668.39990234375,6785.38916015625,6577.408203125,6776.7236328125,5570.611328125,4462.0
2019-01-03,6798.38818359375,6811.38720703125,6633.736328125,6664.06689453125,5478.00537109375,3339.0
2019-01-04,6763.724609375,7049.69873046875,6750.7255859375,7049.69873046875,5795.001953125,9125.0
2019-01-07,7015.03515625,7106.02734375,6915.37744140625,7106.02734375,5841.3056640625,4628.0
2019-01-08,7049.69873046875,7309.67529296875,7049.69873046875,7158.0224609375,5884.046875,5615.0
2019-01-09,7175.35400390625,7361.6708984375,7175.35400390625,7305.34228515625,6005.1474609375,6652.0
2019-01-10,7318.34130859375,7318.34130859375,7145.0234375,7192.68603515625,5912.541015625,9247.0
2019-01-11,7205.68505859375,7253.34716796875,7054.03173828125,7084.3623046875,5823.49658203125,4668.0
2019-01-14,7058.36474609375,7093.0283203125,6980.37158203125,7088.6953125,5827.05859375,6068.0
2019-01-15,6980.37158203125,7084.3623046875,6963.0400390625,7084.3623046875,5823.49658203125,7058.0
2019-01-16,7106.02734375,7218.68359375,7058.36474609375,7123.35888671875,5855.55322265625,4863.0
2019-01-17,7088.6953125,7179.68701171875,7058.36474609375,7088.6953125,5827.05859375,4367.0
2019-01-18,7188.35302734375,7279.3447265625,7140.6904296875,7231.6826171875,5944.59716796875,6607.0
2019-01-21,7253.34716796875,7366.00390625,7223.0166015625,7257.68017578125,5965.9677734375,5004.0
2019-01-22,7275.01171875,7275.01171875,7028.0341796875,7054.03173828125,5798.56494140625,5542.0
2019-01-23,7015.03515625,7136.35791015625,7006.36962890625,7067.03076171875,5809.25,9344.0
2019-01-24,7067.03076171875,7067.03076171875,6958.70703125,7002.03662109375,5755.8232421875,4836.0
2019-01-25,7062.69775390625,7197.01904296875,7058.36474609375,7114.69287109375,5848.4287109375,6247.0
2019-01-28,7088.6953125,7166.6884765625,7028.0341796875,7032.3671875,5780.755859375,5252.0
2019-01-29,7045.36572265625,7093.0283203125,7019.3681640625,7071.36376953125,5812.8115234375,5350.0
2019-01-30,7023.701171875,7114.69287109375,7023.701171875,7106.02734375,5841.3056640625,4718.0
2019-01-31,7123.35888671875,7166.6884765625,7049.69873046875,7049.69873046875,5795.001953125,5818.0
2019-02-01,7106.02734375,7162.35546875,7049.69873046875,7101.6943359375,5837.744140625,3382.0
2019-02-04,7119.02587890625,7175.35400390625,7028.0341796875,7153.689453125,5880.4853515625,7253.0
2019-02-05,7158.0224609375,7249.01416015625,7114.69287109375,7201.35205078125,5919.6650390625,6336.0
2019-02-06,7171.021484375,7331.34033203125,7149.3564453125,7149.3564453125,5876.92333984375,7544.0
2019-02-07,7132.02490234375,7223.0166015625,7028.0341796875,7028.0341796875,5777.1943359375,8063.0
2019-02-08,7080.029296875,7080.029296875,6811.38720703125,6833.0517578125,5616.9140625,8199.0
2019-02-11,6867.71533203125,6954.3740234375,6846.05029296875,6876.38134765625,5652.53173828125,3850.0
2019-02-12,6906.7119140625,6984.70458984375,6902.37890625,6976.0390625,5734.45263671875,5970.0
2019-02-13,7023.701171875,7045.36572265625,6924.04345703125,7045.36572265625,5791.4404296875,5692.0
2019-02-14,7149.3564453125,7283.677734375,7058.36474609375,7279.3447265625,5983.77685546875,10007.0
2019-02-15,7210.017578125,7383.33544921875,7171.021484375,7340.005859375,6033.64111328125,10265.0
2019-02-18,7318.34130859375,7430.998046875,7210.017578125,7340.005859375,6033.64111328125,5379.0
2019-02-19,7357.337890625,7452.66259765625,7249.01416015625,7452.66259765625,6126.24755859375,7319.0
2019-02-20,7491.6591796875,7612.9814453125,7439.66357421875,7612.9814453125,6258.03271484375,7740.0
2019-02-21,7370.33642578125,7379.00244140625,6694.3974609375,6885.046875,5659.6552734375,35375.0
2019-02-22,7019.3681640625,7275.01171875,6941.37548828125,7231.6826171875,5944.59716796875,19183.0
2019-02-25,7288.0107421875,7426.6650390625,7253.34716796875,7387.66845703125,6072.82080078125,16194.0
2019-02-26,7318.34130859375,7335.67333984375,7184.02001953125,7270.67919921875,5976.65283203125,5003.0
2019-02-27,7270.67919921875,7353.0048828125,7197.01904296875,7249.01416015625,5958.84423828125,4733.0
2019-02-28,7197.01904296875,7318.34130859375,7132.02490234375,7309.67529296875,6008.708984375,14977.0
2019-03-01,7318.34130859375,7344.3388671875,7149.3564453125,7197.01904296875,5916.103515625,10407.0
2019-03-04,7283.677734375,7353.0048828125,7214.3505859375,7305.34228515625,6005.1474609375,13689.0
2019-03-05,7292.34375,7335.67333984375,7279.3447265625,7335.67333984375,6030.07958984375,3895.0
2019-03-06,7279.3447265625,7314.00830078125,7236.015625,7266.34619140625,5973.091796875,4133.0
2019-03-07,7270.67919921875,7309.67529296875,7036.7001953125,7075.6962890625,5816.373046875,6778.0
2019-03-08,7019.3681640625,7023.701171875,6941.37548828125,6980.37158203125,5738.013671875,8945.0
2019-03-11,7062.69775390625,7114.69287109375,6997.70361328125,7032.3671875,5780.755859375,3052.0
2019-03-12,7101.6943359375,7101.6943359375,7006.36962890625,7084.3623046875,5823.49658203125,4120.0
2019-03-13,7019.3681640625,7179.68701171875,7019.3681640625,7179.68701171875,5901.85595703125,3502.0
2019-03-14,7231.6826171875,7236.015625,7127.69189453125,7236.015625,5948.1591796875,9074.0
2019-03-15,7201.35205078125,7244.68115234375,7136.35791015625,7205.68505859375,5923.22607421875,17035.0
2019-03-18,7205.68505859375,7275.01171875,7188.35302734375,7275.01171875,5980.21435546875,5672.0
2019-03-19,7214.3505859375,7405.0,7210.017578125,7400.66748046875,6083.505859375,11266.0
2019-03-20,7322.67431640625,7396.33447265625,7288.0107421875,7314.00830078125,6012.2705078125,4123.0
2019-03-21,7309.67529296875,7318.34130859375,7205.68505859375,7301.009765625,6001.5849609375,4494.0
2019-03-22,7275.01171875,7335.67333984375,7136.35791015625,7166.6884765625,5891.17138671875,6144.0
2019-03-25,7088.6953125,7123.35888671875,6984.70458984375,7106.02734375,5841.3056640625,4068.0
2019-03-26,7145.0234375,7158.0224609375,7058.36474609375,7062.69775390625,5805.68798828125,4395.0
2019-03-27,7101.6943359375,7188.35302734375,7088.6953125,7136.35791015625,5866.23779296875,2884.0
2019-03-28,7132.02490234375,7162.35546875,6932.70947265625,6958.70703125,5720.20556640625,6289.0
2019-03-29,7015.03515625,7054.03173828125,6919.71044921875,6976.0390625,5734.45263671875,5633.0
2019-04-01,7023.701171875,7283.677734375,7023.701171875,7283.677734375,5987.33837890625,10722.0
2019-04-02,7218.68359375,7348.671875,7132.02490234375,7348.671875,6040.76513671875,12582.0
2019-04-03,7127.69189453125,7465.66162109375,7123.35888671875,7405.0,6213.9052734375,19598.0
2019-04-04,7680.0,7965.0,7440.0,7690.0,6453.06298828125,14876.0
2019-04-05,7750.0,7780.0,7610.0,7615.0,6390.12646484375,6917.0
2019-04-08,7620.0,7685.0,7580.0,7680.0,6444.67138671875,8594.0
2019-04-09,7700.0,7765.0,7625.0,7680.0,6444.67138671875,6417.0
2019-04-10,7665.0,7785.0,7650.0,7780.0,6528.5859375,8477.0
2019-04-11,7795.0,7975.0,7755.0,7930.0,6654.45849609375,6374.0
2019-04-12,7930.0,8040.0,7890.0,8040.0,6746.76513671875,4787.0
2019-04-15,8040.0,8150.0,8010.0,8125.0,6818.09326171875,5098.0
2019-04-16,8150.0,8290.0,8125.0,8285.0,6952.357421875,5085.0
2019-04-17,8205.0,8485.0,8205.0,8440.0,7082.42529296875,9299.0
2019-04-18,,,,,,
2019-04-19,,,,,,
2019-04-22,,,,,,
2019-04-23,8430.0,8450.0,8320.0,8385.0,7036.27197265625,6900.0
2019-04-24,8330.0,8405.0,8300.0,8300.0,6964.94384765625,8563.0
2019-04-25,8270.0,8325.0,8200.0,8250.0,6922.98681640625,5601.0
2019-04-26,8210.0,8405.0,8210.0,8360.0,7015.29345703125,5628.0
2019-04-29,8280.0,8345.0,8165.0,8270.0,6939.77001953125,5645.0
2019-04-30,8265.0,8315.0,8065.0,8110.0,6805.505859375,7934.0
2019-05-01,8150.0,8305.0,8150.0,8160.0,6847.46337890625,4682.0
2019-05-02,8100.0,8175.0,7990.0,8155.0,6843.26708984375,7542.0
2019-05-03,8105.0,8185.0,8100.0,8100.0,6797.1142578125,5983.0
2019-05-06,7900.0,7960.0,7780.0,7865.0,6599.91357421875,6358.0
2019-05-07,7835.0,7950.0,7805.0,7865.0,6599.91357421875,3746.0
2019-05-08,7875.0,7945.0,7830.0,7910.0,6637.67626953125,8247.0
2019-05-09,7910.0,7910.0,7575.0,7640.0,6411.10498046875,5936.0
2019-05-10,7675.0,7755.0,7630.0,7630.0,6402.7138671875,3787.0
2019-05-13,7630.0,7640.0,7370.0,7415.0,6222.29638671875,7882.0
2019-05-14,7530.0,7530.0,7440.0,7465.0,6264.25439453125,4488.0
2019-05-15,7525.0,7525.0,7290.0,7420.0,6226.4921875,5166.0
2019-05-16,7480.0,7575.0,7375.0,7575.0,6356.560546875,7163.0
2019-05-17,,,,,,
2019-05-20,7540.0,7560.0,7075.0,7200.0,6041.87890625,7363.0
2019-05-21,7260.0,7315.0,7150.0,7295.0,6121.5986328125,4910.0
2019-05-22,7310.0,7365.0,7260.0,7285.0,6113.20703125,6296.0
2019-05-23,7280.0,7280.0,6940.0,6980.0,5857.26611328125,7570.0
2019-05-24,7100.0,7100.0,6685.0,6830.0,5731.3935546875,15441.0
2019-05-27,6840.0,6910.0,6650.0,6695.0,5618.10888671875,2971.0
2019-05-28,6735.0,6855.0,6605.0,6855.0,5752.37255859375,17192.0
2019-05-29,6845.0,6845.0,6730.0,6825.0,5727.19775390625,3770.0
2019-05-30,,,,,,
2019-05-31,,,,,,
2019-06-03,6750.0,6750.0,6530.0,6610.0,5546.7802734375,9682.0
2019-06-04,6610.0,6845.0,6545.0,6780.0,5689.4365234375,9318.0
2019-06-05,,,,,,
2019-06-06,6840.0,6910.0,6680.0,6735.0,5651.6748046875,5332.0
2019-06-07,6785.0,6915.0,6700.0,6915.0,5802.72119140625,5317.0
2019-06-10,,,,,,
2019-06-11,6935.0,7010.0,6875.0,6890.0,5781.7431640625,12755.0
2019-06-12,6870.0,6875.0,6700.0,6800.0,5706.2197265625,6669.0
2019-06-13,6950.0,6980.0,6825.0,6840.0,5739.78564453125,8022.0
2019-06-14,6840.0,6910.0,6750.0,6885.0,5777.54736328125,5179.0
2019-06-17,6990.0,7070.0,6940.0,7030.0,5899.22412109375,9090.0
2019-06-18,7055.0,7185.0,6880.0,7150.0,5999.921875,9255.0
2019-06-19,7130.0,7350.0,7115.0,7335.0,6155.16455078125,9283.0
2019-06-20,7335.0,7530.0,7335.0,7495.0,6289.42822265625,5782.0
2019-06-21,7435.0,7505.0,7385.0,7500.0,6293.62451171875,9744.0
2019-06-24,7415.0,7585.0,7410.0,7480.0,6276.841796875,6652.0
2019-06-25,7445.0,7460.0,7250.0,7330.0,6150.96875,9076.0
2019-06-26,7300.0,7460.0,7270.0,7415.0,6222.29638671875,7273.0
2019-06-27,7400.0,7525.0,7400.0,7445.0,6247.47119140625,4340.0
2019-06-28,7400.0,7630.0,7400.0,7620.0,6394.322265625,7044.0
2019-07-01,7700.0,7835.0,7535.0,7570.0,6352.36474609375,6161.0
2019-07-02,7555.0,7610.0,7465.0,7530.0,6318.798828125,4771.0
2019-07-03,7535.0,7615.0,7480.0,7585.0,6364.9521484375,4377.0
2019-07-04,7555.0,7640.0,7555.0,7610.0,6385.93115234375,1878.0
2019-07-05,7630.0,7630.0,7410.0,7475.0,6272.6455078125,3533.0
2019-07-08,7355.0,7500.0,7340.0,7400.0,6209.70947265625,4004.0
2019-07-09,7420.0,7425.0,7210.0,7245.0,6079.64111328125,7038.0
2019-07-10,7235.0,7345.0,7235.0,7335.0,6155.16455078125,4873.0
2019-07-11,7335.0,7395.0,7275.0,7325.0,6146.77294921875,6937.0
2019-07-12,7375.0,7375.0,7280.0,7310.0,6134.185546875,3105.0
2019-07-15,7310.0,7390.0,7305.0,7365.0,6180.3388671875,6272.0
2019-07-16,7350.0,7475.0,7335.0,7460.0,6260.05859375,3049.0
2019-07-17,7465.0,7465.0,7270.0,7280.0,6109.01123046875,4166.0
2019-07-18,7205.0,7255.0,7140.0,7160.0,6008.3134765625,3501.0
2019-07-19,7155.0,7245.0,7155.0,7230.0,6067.05419921875,3673.0
2019-07-22,7200.0,7275.0,7200.0,7250.0,6083.83740234375,3426.0
2019-07-23,7235.0,7455.0,7235.0,7440.0,6243.275390625,3764.0
2019-07-24,7430.0,7430.0,7315.0,7390.0,6201.31787109375,4237.0
2019-07-25,7380.0,7490.0,7330.0,7425.0,6230.68798828125,3212.0
2019-07-26,7430.0,7475.0,7335.0,7385.0,6197.1220703125,2046.0
2019-07-29,7320.0,7355.0,7310.0,7345.0,6163.5556640625,1890.0
2019-07-30,7300.0,7320.0,7175.0,7175.0,6020.90087890625,2787.0
2019-07-31,7205.0,7245.0,7155.0,7225.0,6062.85791015625,5216.0
2019-08-01,7235.0,7305.0,7175.0,7305.0,6129.990234375,2748.0
2019-08-02,7180.0,7180.0,6980.0,7015.0,5886.63671875,4674.0
2019-08-05,6950.0,6950.0,6650.0,6660.0,5588.73876953125,6364.0
2019-08-06,6650.0,6760.0,6650.0,6700.0,5622.30419921875,5523.0
2019-08-07,6745.0,6760.0,6615.0,6645.0,5576.15087890625,6626.0
2019-08-08,6710.0,6795.0,6655.0,6765.0,5676.84912109375,3488.0
2019-08-09,6810.0,6860.0,6665.0,6665.0,5592.93408203125,3189.0
2019-08-12,6740.0,6855.0,6555.0,6575.0,5517.41064453125,6484.0
2019-08-13,6580.0,6710.0,6480.0,6660.0,5588.73876953125,6047.0
2019-08-14,6685.0,6730.0,6580.0,6615.0,5550.9765625,3711.0
2019-08-15,6980.0,7095.0,6355.0,6540.0,5488.0400390625,6423.0
2019-08-16,6705.0,6900.0,6640.0,6870.0,5764.9599609375,8516.0
2019-08-19,6920.0,7070.0,6860.0,7070.0,5932.7900390625,5509.0
2019-08-20,7065.0,7095.0,6950.0,7010.0,5882.44091796875,5647.0
2019-08-21,7010.0,7110.0,7010.0,7060.0,5924.39794921875,3546.0
2019-08-22,7010.0,7205.0,6950.0,7125.0,5978.94287109375,4950.0
2019-08-23,7015.0,7175.0,6850.0,6915.0,5802.72119140625,4767.0
2019-08-26,6750.0,6875.0,6670.0,6800.0,5706.2197265625,5930.0
2019-08-27,6780.0,6875.0,6755.0,6820.0,5723.00244140625,9368.0
2019-08-28,6765.0,6820.0,6660.0,6745.0,5660.06640625,6820.0
2019-08-29,6760.0,6815.0,6660.0,6785.0,5693.63232421875,7423.0
2019-08-30,6785.0,6825.0,6655.0,6755.0,5668.45751953125,18880.0
2019-09-02,6705.0,6835.0,6680.0,6685.0,5609.716796875,6002.0
2019-09-03,6695.0,6780.0,6610.0,6745.0,5660.06640625,5916.0
2019-09-04,6785.0,6950.0,6785.0,6925.0,5811.11328125,10939.0
2019-09-05,6930.0,7250.0,6930.0,7175.0,6020.90087890625,10784.0
2019-09-06,7175.0,7230.0,7120.0,7155.0,6004.11767578125,11037.0
2019-09-09,7115.0,7365.0,7115.0,7365.0,6180.3388671875,6715.0
2019-09-10,7360.0,7385.0,7215.0,7345.0,6163.5556640625,14039.0
2019-09-11,7375.0,7625.0,7375.0,7550.0,6335.58203125,17552.0
2019-09-12,7540.0,7585.0,7335.0,7460.0,6260.05859375,7423.0
2019-09-13,7465.0,7780.0,7465.0,7770.0,6520.1953125,10778.0
2019-09-16,7665.0,7665.0,7470.0,7520.0,6310.40771484375,6868.0
2019-09-17,7450.0,7515.0,7365.0,7455.0,6255.8623046875,6549.0
2019-09-18,7460.0,7470.0,7280.0,7315.0,6138.3818359375,5231.0
2019-09-19,7300.0,7390.0,7280.0,7300.0,6125.79443359375,3804.0
2019-09-20,7350.0,7370.0,7290.0,7350.0,6167.75146484375,9552.0
2019-09-23,7310.0,7310.0,7215.0,7250.0,6083.83740234375,6627.0
2019-09-24,7250.0,7365.0,7180.0,7210.0,6050.27099609375,6330.0
2019-09-25,7180.0,7190.0,7020.0,7120.0,5974.7470703125,4641.0
2019-09-26,7140.0,7245.0,7105.0,7155.0,6004.11767578125,4247.0
2019-09-27,7205.0,7295.0,7170.0,7280.0,6109.01123046875,3707.0
2019-09-30,7280.0,7325.0,7245.0,7310.0,6134.185546875,6194.0
2019-10-01,7320.0,7400.0,7160.0,7160.0,6008.3134765625,6873.0
2019-10-02,7170.0,7170.0,6975.0,7030.0,5899.22412109375,7006.0
2019-10-03,7000.0,7030.0,6865.0,6955.0,5836.28759765625,5971.0
2019-10-04,6995.0,7010.0,6845.0,6975.0,5853.0703125,3819.0
2019-10-07,6960.0,7040.0,6910.0,7005.0,5878.2451171875,4207.0
2019-10-08,7055.0,7080.0,6905.0,6975.0,5853.0703125,5046.0
2019-10-09,6960.0,7135.0,6915.0,7095.0,5953.7685546875,2718.0
2019-10-10,7100.0,7270.0,7065.0,7270.0,6100.61962890625,5443.0
2019-10-11,7265.0,7465.0,7220.0,7460.0,6260.05859375,5544.0
2019-10-14,7480.0,7480.0,7340.0,7395.0,6205.513671875,4430.0
2019-10-15,7450.0,7565.0,7430.0,7565.0,6348.1689453125,5730.0
2019-10-16,7495.0,7560.0,7460.0,7525.0,6314.60302734375,3513.0
2019-10-17,7380.0,7585.0,7375.0,7475.0,6272.6455078125,3595.0
2019-10-18,7420.0,7590.0,7410.0,7450.0,6251.66650390625,4578.0
2019-10-21,7490.0,8090.0,7470.0,8060.0,6763.54833984375,10793.0
2019-10-22,8050.0,8050.0,7830.0,7870.0,6604.10986328125,5207.0
2019-10-23,7870.0,7980.0,7810.0,7955.0,6675.4375,4029.0
2019-10-24,7965.0,8015.0,7840.0,7850.0,6587.3271484375,7327.0
2019-10-25,7845.0,8005.0,7845.0,8005.0,6717.39453125,6490.0
2019-10-28,7990.0,8185.0,7980.0,8185.0,6868.44189453125,3847.0
2019-10-29,8145.0,8215.0,8045.0,8215.0,6893.61669921875,25418.0
2019-10-30,8210.0,8210.0,8015.0,8090.0,6788.72265625,4522.0
2019-10-31,8075.0,8125.0,7995.0,8040.0,6746.76513671875,5810.0
2019-11-01,8035.0,8310.0,8035.0,8310.0,6973.33544921875,2174.0
2019-11-04,8285.0,8385.0,8225.0,8380.0,7032.076171875,4444.0
2019-11-05,8340.0,8405.0,8320.0,8400.0,7048.85888671875,4204.0
2019-11-06,8355.0,8400.0,8295.0,8365.0,7019.4892578125,4124.0
2019-11-07,8370.0,8615.0,8370.0,8570.0,7191.51513671875,11369.0
2019-11-08,8530.0,8610.0,8485.0,8535.0,7162.14453125,4370.0
2019-11-11,8500.0,8540.0,8410.0,8440.0,7082.42529296875,4227.0
2019-11-12,8440.0,8595.0,8425.0,8590.0,7208.29736328125,3186.0
2019-11-13,8575.0,8575.0,8410.0,8500.0,7132.7744140625,6133.0
2019-11-14,8485.0,8510.0,8410.0,8490.0,7124.3828125,3260.0
2019-11-15,8600.0,8970.0,8555.0,8955.0,7514.58740234375,10200.0
2019-11-18,8940.0,9120.0,8855.0,9060.0,7602.6982421875,9757.0
2019-11-19,9060.0,9105.0,8970.0,9015.0,7564.93701171875,3476.0
2019-11-20,8950.0,9000.0,8890.0,8970.0,7527.17431640625,4560.0
2019-11-21,8870.0,8910.0,8830.0,8870.0,7443.259765625,7130.0
2019-11-22,8605.0,8945.0,8595.0,8875.0,7447.45556640625,5984.0
2019-11-25,8935.0,9030.0,8760.0,8795.0,7380.3232421875,5131.0
2019-11-26,8800.0,8810.0,8725.0,8795.0,7380.3232421875,17160.0
2019-11-27,8820.0,8820.0,8725.0,8760.0,7350.95263671875,6694.0
2019-11-28,8730.0,8940.0,8725.0,8940.0,7502.00048828125,4736.0
2019-11-29,8805.0,8930.0,8795.0,8805.0,7388.71484375,9712.0
2019-12-02,8850.0,9135.0,8845.0,8900.0,7468.43408203125,8481.0
2019-12-03,8895.0,9000.0,8750.0,8790.0,7376.1279296875,6785.0
2019-12-04,8795.0,8930.0,8785.0,8795.0,7380.3232421875,5126.0
2019-12-05,8820.0,9035.0,8820.0,9020.0,7569.1328125,4394.0
2019-12-06,9020.0,9395.0,9020.0,9390.0,7879.6181640625,9102.0
2019-12-09,9340.0,9480.0,9340.0,9465.0,7942.55322265625,6838.0
2019-12-10,9445.0,9455.0,9230.0,9445.0,7925.77099609375,6790.0
2019-12-11,9355.0,9470.0,9315.0,9365.0,7858.638671875,6458.0
2019-12-12,9385.0,9620.0,9355.0,9595.0,8051.64404296875,7807.0
2019-12-13,9715.0,9825.0,9400.0,9405.0,7892.20458984375,7177.0
2019-12-16,9390.0,9630.0,9390.0,9530.0,7997.09912109375,4014.0
2019-12-17,9480.0,9525.0,9290.0,9335.0,7833.4638671875,7295.0
2019-12-18,9305.0,9345.0,9075.0,9180.0,7703.396484375,8172.0
2019-12-19,9135.0,9180.0,9025.0,9070.0,7611.08984375,7075.0
2019-12-20,9100.0,9125.0,8980.0,8980.0,7535.56640625,6696.0
2019-12-23,8970.0,9090.0,8970.0,9060.0,7602.6982421875,3820.0
2019-12-24,,,,,,
2019-12-25,,,,,,
2019-12-26,,,,,,
2019-12-27,9060.0,9175.0,9060.0,9155.0,7682.41748046875,3655.0
2019-12-30,9155.0,9170.0,9030.0,9030.0,7577.52392578125,3930.0
2019-12-31,,,,,,
2020-01-01,,,,,,
2020-01-02,9015.0,9120.0,9000.0,9085.0,7623.6767578125,3204.0
2020-01-03,9050.0,9050.0,8885.0,8915.0,7481.021484375,4130.0
2020-01-06,8835.0,8835.0,8615.0,8750.0,7342.5615234375,4873.0
2020-01-07,8745.0,9000.0,8745.0,8910.0,7476.82568359375,4860.0
2020-01-08,8720.0,8835.0,8695.0,8755.0,7346.75732421875,3772.0
2020-01-09,8835.0,8880.0,8745.0,8785.0,7371.93212890625,5530.0
2020-01-10,8760.0,8765.0,8545.0,8550.0,7174.7314453125,4210.0
2020-01-13,8590.0,8655.0,8520.0,8550.0,7174.7314453125,2187.0
2020-01-14,8555.0,8590.0,8460.0,8505.0,7136.97021484375,4961.0
2020-01-15,8510.0,8545.0,8235.0,8240.0,6914.59521484375,7124.0
2020-01-16,8230.0,8365.0,8100.0,8170.0,6855.8544921875,7068.0
2020-01-17,8170.0,8315.0,8170.0,8205.0,6885.22509765625,3906.0
2020-01-20,8200.0,8270.0,8185.0,8240.0,6914.59521484375,2656.0
2020-01-21,8195.0,8195.0,8110.0,8150.0,6839.0712890625,2594.0
2020-01-22,8160.0,8190.0,8040.0,8060.0,6763.54833984375,3955.0
2020-01-23,8000.0,8135.0,7955.0,8005.0,6717.39453125,4795.0
2020-01-24,8055.0,8150.0,8055.0,8150.0,6839.0712890625,10717.0
2020-01-27,8000.0,8005.0,7755.0,7785.0,6532.78173828125,8725.0
2020-01-28,7830.0,7850.0,7660.0,7750.0,6503.412109375,8537.0
2020-01-29,7800.0,7805.0,7720.0,7765.0,6515.9990234375,4202.0
2020-01-30,7695.0,7720.0,7545.0,7545.0,6331.38623046875,6901.0
2020-01-31,7655.0,7695.0,7520.0,7600.0,6377.5390625,10321.0
2020-02-03,7575.0,7595.0,7440.0,7505.0,6297.81982421875,9074.0
2020-02-04,7510.0,7815.0,7495.0,7785.0,6532.78173828125,7385.0
2020-02-05,7810.0,8015.0,7710.0,7940.0,6662.85009765625,5276.0
2020-02-06,8010.0,8120.0,7845.0,7905.0,6633.47998046875,7336.0
2020-02-07,7840.0,7935.0,7685.0,7805.0,6549.56494140625,5284.0
2020-02-10,7785.0,7845.0,7685.0,7715.0,6474.04150390625,4941.0
2020-02-11,7730.0,8010.0,7730.0,8010.0,6721.59033203125,6571.0
2020-02-12,8045.0,8085.0,7835.0,8015.0,6725.78662109375,4181.0
2020-02-13,8000.0,8000.0,7880.0,7960.0,6679.63330078125,4739.0
2020-02-14,7980.0,8100.0,7900.0,8060.0,6763.54833984375,4740.0
2020-02-17,8095.0,8095.0,7925.0,7940.0,6662.85009765625,3321.0
2020-02-18,7920.0,7940.0,7815.0,7890.0,6620.89306640625,4073.0
2020-02-19,7955.0,8050.0,7935.0,7990.0,6704.8076171875,6116.0
2020-02-20,7970.0,8345.0,7610.0,7715.0,6474.04150390625,20077.0
2020-02-21,7715.0,7745.0,7565.0,7565.0,6348.1689453125,7435.0
2020-02-24,7385.0,7385.0,7115.0,7165.0,6012.5087890625,7081.0
2020-02-25,7175.0,7270.0,6930.0,6990.0,5865.65771484375,8152.0
2020-02-26,6905.0,7060.0,6590.0,6970.0,5848.87451171875,16884.0
2020-02-27,6840.0,6850.0,6410.0,6550.0,5496.43212890625,16412.0
2020-02-28,6440.0,6480.0,6265.0,6395.0,5366.36328125,16501.0
2020-03-02,6860.0,6930.0,6205.0,6325.0,5307.623046875,12551.0
2020-03-03,6510.0,6555.0,6345.0,6425.0,5391.53857421875,8711.0
2020-03-04,6465.0,6490.0,6285.0,6305.0,5290.83984375,6488.0
2020-03-05,6555.0,6570.0,6225.0,6255.0,5248.88232421875,8336.0
2020-03-06,6180.0,6180.0,5895.0,6065.0,5089.4443359375,12260.0
2020-03-09,5640.0,5900.0,5520.0,5815.0,4879.65673828125,14344.0
2020-03-10,6005.0,6300.0,5930.0,5980.0,5018.11669921875,16606.0
2020-03-11,6035.0,6160.0,5975.0,6050.0,5076.85693359375,7942.0
2020-03-12,5600.0,5800.0,5395.0,5395.0,4527.2138671875,13517.0
2020-03-13,5640.0,6140.0,5560.0,5685.0,4770.5673828125,21696.0
2020-03-16,5470.0,5685.0,5290.0,5585.0,4686.65234375,14404.0
2020-03-17,5640.0,5840.0,5530.0,5750.0,4825.11181640625,14751.0
2020-03-18,5765.0,5830.0,5115.0,5180.0,4346.79638671875,18016.0
2020-03-19,5190.0,5335.0,4730.0,4778.0,4009.45849609375,18100.0
2020-03-20,5325.0,5340.0,4850.0,4988.0,4185.6796875,23884.0
2020-03-23,4846.0,4942.0,4600.0,4640.0,3893.655517578125,16460.0
2020-03-24,4900.0,5110.0,4754.0,5050.0,4379.27880859375,16413.0
2020-03-25,5350.0,5545.0,5115.0,5240.0,4544.04345703125,15998.0
2020-03-26,5265.0,5655.0,5190.0,5655.0,4903.9248046875,18371.0
2020-03-27,5700.0,5700.0,5380.0,5515.0,4782.51904296875,11479.0
2020-03-30,5510.0,5530.0,5285.0,5420.0,4700.13671875,9201.0
2020-03-31,5650.0,5735.0,5600.0,5635.0,4886.5810546875,12849.0
2020-04-01,5635.0,5635.0,5480.0,5575.0,4834.5498046875,7460.0
2020-04-02,5580.0,5660.0,5330.0,5435.0,4713.14453125,6635.0
2020-04-03,5375.0,5500.0,5340.0,5385.0,4669.78515625,6190.0
2020-04-06,5595.0,5930.0,5565.0,5900.0,5116.384765625,12608.0
2020-04-07,6090.0,6405.0,6090.0,6195.0,5372.2041015625,9055.0
2020-04-08,6130.0,6140.0,6000.0,6025.0,5224.78271484375,5936.0
2020-04-09,,,,,,
2020-04-10,,,,,,
2020-04-13,,,,,,
2020-04-14,6270.0,6290.0,6095.0,6130.0,5315.8369140625,6314.0
2020-04-15,6130.0,6135.0,5775.0,5780.0,5012.32275390625,11289.0
2020-04-16,5890.0,5960.0,5820.0,5935.0,5146.736328125,14800.0
2020-04-17,6100.0,6290.0,6050.0,6235.0,5406.89111328125,12700.0
2020-04-20,6280.0,6290.0,5985.0,6130.0,5315.8369140625,10113.0
2020-04-21,6040.0,6050.0,5905.0,5950.0,5159.74365234375,8223.0
2020-04-22,6000.0,6175.0,5865.0,6170.0,5350.5244140625,10175.0
2020-04-23,6170.0,6210.0,6020.0,6035.0,5233.455078125,6417.0
2020-04-24,5940.0,6045.0,5900.0,6000.0,5203.103515625,6760.0
2020-04-27,6040.0,6115.0,6010.0,6050.0,5246.46240234375,7213.0
2020-04-28,6055.0,6225.0,6050.0,6135.0,5320.1728515625,7865.0
2020-04-29,6180.0,6470.0,6180.0,6450.0,5593.3359375,10477.0
2020-04-30,6490.0,6590.0,6240.0,6285.0,5450.2509765625,13204.0
2020-05-01,6165.0,6215.0,6070.0,6125.0,5311.50146484375,6919.0
2020-05-04,6060.0,6070.0,5700.0,5750.0,4986.30712890625,14259.0
2020-05-05,5850.0,6000.0,5805.0,5920.0,5133.728515625,12320.0
2020-05-06,5960.0,6010.0,5840.0,5845.0,5068.689453125,5399.0
2020-05-07,5930.0,5975.0,5860.0,5910.0,5125.05712890625,6476.0
2020-05-08,,,,,,
2020-05-11,6065.0,6165.0,6000.0,6025.0,5224.78271484375,8312.0
2020-05-12,6015.0,6215.0,5935.0,6120.0,5307.16552734375,9008.0
2020-05-13,5940.0,5980.0,5705.0,5810.0,5038.33837890625,23177.0
2020-05-14,5880.0,5910.0,5750.0,5825.0,5051.345703125,10578.0
2020-05-15,5925.0,6090.0,5895.0,6040.0,5237.79052734375,11147.0
2020-05-18,6145.0,6355.0,6085.0,6340.0,5497.94580078125,11443.0
2020-05-19,6440.0,6520.0,6385.0,6510.0,5645.3671875,14422.0
2020-05-20,6500.0,6630.0,6355.0,6480.0,5619.3515625,9858.0
2020-05-21,,,,,,
2020-05-22,,,,,,
2020-05-25,6480.0,6580.0,6415.0,6520.0,5654.03857421875,7621.0
2020-05-26,6525.0,6670.0,6485.0,6565.0,5693.06201171875,8303.0
2020-05-27,6640.0,6795.0,6355.0,6385.0,5536.96923828125,18563.0
2020-05-28,6470.0,6475.0,6240.0,6265.0,5432.9072265625,17423.0
2020-05-29,6310.0,6310.0,6090.0,6125.0,5311.50146484375,56939.0
2020-06-01,,,,,,
2020-06-02,6355.0,6600.0,6355.0,6545.0,5675.71826171875,19885.0
2020-06-03,6590.0,6995.0,6505.0,6995.0,6065.951171875,18732.0
2020-06-04,6980.0,7165.0,6895.0,7000.0,6070.287109375,10788.0
2020-06-05,,,,,,
2020-06-08,7225.0,7560.0,7190.0,7480.0,6486.53564453125,16542.0
2020-06-09,7500.0,7525.0,7255.0,7325.0,6352.12158203125,12772.0
2020-06-10,7205.0,7350.0,7160.0,7255.0,6291.4189453125,8711.0
2020-06-11,7105.0,7105.0,6845.0,6845.0,5935.87353515625,11071.0
2020-06-12,6740.0,7170.0,6685.0,7010.0,6078.958984375,12181.0
2020-06-15,6860.0,7015.0,6780.0,6910.0,5992.24072265625,17873.0
2020-06-16,7145.0,7425.0,7120.0,7160.0,6209.03662109375,18977.0
2020-06-17,7150.0,7770.0,7145.0,7685.0,6664.30810546875,16032.0
2020-06-18,7665.0,7750.0,7530.0,7655.0,6638.29248046875,18879.0
2020-06-19,7625.0,7665.0,7410.0,7410.0,6425.83251953125,21814.0
2020-06-22,7295.0,7415.0,7230.0,7260.0,6295.7548828125,14587.0
2020-06-23,7345.0,7495.0,7280.0,7280.0,6313.0986328125,4488.0
2020-06-24,7300.0,7370.0,7095.0,7095.0,6152.66943359375,6087.0
2020-06-25,7035.0,7165.0,6935.0,7100.0,6157.00537109375,10476.0
2020-06-26,7145.0,7215.0,7075.0,7075.0,6135.32568359375,3232.0
2020-06-29,7075.0,7140.0,6990.0,7100.0,6157.00537109375,7543.0
2020-06-30,7095.0,7225.0,7090.0,7200.0,6243.7236328125,11325.0
2020-07-01,7200.0,7275.0,7125.0,7230.0,6269.73974609375,3521.0
2020-07-02,7280.0,7420.0,7265.0,7400.0,6417.16064453125,5586.0
2020-07-03,7365.0,7515.0,7365.0,7440.0,6451.84814453125,3656.0
2020-07-06,7635.0,7830.0,7625.0,7730.0,6703.33154296875,7437.0
2020-07-07,7730.0,7735.0,7590.0,7640.0,6625.28466796875,4402.0
2020-07-08,7640.0,7640.0,7500.0,7550.0,6547.23828125,3880.0
2020-07-09,7555.0,7600.0,7430.0,7430.0,6443.17626953125,4464.0
2020-07-10,7415.0,7595.0,7385.0,7570.0,6564.58203125,3633.0
2020-07-13,7605.0,7740.0,7585.0,7615.0,6603.60498046875,4653.0
2020-07-14,7580.0,7625.0,7545.0,7595.0,6586.26123046875,3484.0
2020-07-15,7610.0,7885.0,7610.0,7760.0,6729.3466796875,7686.0
2020-07-16,7710.0,7820.0,7695.0,7780.0,6746.6904296875,2754.0
2020-07-17,7770.0,7940.0,7770.0,7825.0,6785.7138671875,3538.0
2020-07-20,7840.0,7905.0,7810.0,7860.0,6816.0654296875,4147.0
2020-07-21,7925.0,7970.0,7850.0,7900.0,6850.75244140625,4290.0
2020-07-22,7900.0,7945.0,7820.0,7820.0,6781.3779296875,2764.0
2020-07-23,7820.0,7940.0,7810.0,7835.0,6794.3857421875,3229.0
2020-07-24,7920.0,7930.0,7720.0,7780.0,6746.6904296875,3439.0
2020-07-27,7710.0,7735.0,7660.0,7700.0,6677.31591796875,2023.0
2020-07-28,7660.0,7720.0,7650.0,7685.0,6664.30810546875,2099.0
2020-07-29,7660.0,7765.0,7660.0,7740.0,6712.0029296875,6525.0
2020-07-30,7710.0,7750.0,7500.0,7575.0,6568.91796875,5571.0
2020-07-31,7550.0,7675.0,7470.0,7485.0,6490.87109375,5809.0
2020-08-03,7455.0,7705.0,7430.0,7705.0,6681.65185546875,3776.0
2020-08-04,7705.0,7825.0,7635.0,7810.0,6772.7060546875,3345.0
2020-08-05,7810.0,8030.0,7790.0,8030.0,6963.486328125,5495.0
2020-08-06,8000.0,8055.0,7860.0,8040.0,6972.158203125,4105.0
2020-08-07,7940.0,8135.0,7885.0,8115.0,7037.19677734375,5139.0
2020-08-10,8115.0,8220.0,8085.0,8125.0,7045.869140625,3068.0
2020-08-11,8200.0,8405.0,8190.0,8405.0,7288.6806640625,3457.0
2020-08-12,8385.0,8525.0,8380.0,8460.0,7336.37548828125,4871.0
2020-08-13,8435.0,8500.0,8340.0,8425.0,7306.02392578125,8027.0
2020-08-14,8400.0,8440.0,8315.0,8315.0,7210.6337890625,2650.0
2020-08-17,8400.0,8655.0,8400.0,8650.0,7501.140625,5712.0
2020-08-18,8705.0,8965.0,8600.0,8610.0,7466.45361328125,10601.0
2020-08-19,9000.0,9230.0,8915.0,9030.0,7830.67041015625,9892.0
2020-08-20,9030.0,9200.0,8975.0,9125.0,7913.052734375,5276.0
2020-08-21,9125.0,9130.0,8655.0,8710.0,7553.17138671875,6573.0
2020-08-24,8755.0,8850.0,8635.0,8670.0,7518.48388671875,4662.0
2020-08-25,8680.0,8800.0,8680.0,8730.0,7570.515625,3198.0
2020-08-26,8655.0,8945.0,8635.0,8935.0,7748.2880859375,4948.0
2020-08-27,8890.0,8930.0,8755.0,8755.0,7592.19482421875,3163.0
2020-08-28,8735.0,8910.0,8675.0,8910.0,7726.6083984375,4552.0
2020-08-31,8920.0,8990.0,8860.0,8880.0,7700.5927734375,7424.0
2020-09-01,8905.0,9010.0,8845.0,8960.0,7769.96728515625,6921.0
2020-09-02,8960.0,9215.0,8945.0,9000.0,7804.65478515625,8474.0
2020-09-03,9055.0,9125.0,8990.0,9080.0,7874.029296875,4495.0
2020-09-04,8910.0,9035.0,8795.0,8875.0,7696.2568359375,3549.0
2020-09-07,8940.0,9070.0,8940.0,9035.0,7835.00634765625,2504.0
2020-09-08,9035.0,9085.0,8855.0,9025.0,7826.33447265625,4786.0
2020-09-09,9025.0,9265.0,9020.0,9205.0,7982.42724609375,8858.0
2020-09-10,9160.0,9330.0,9135.0,9330.0,8090.8251953125,7742.0
2020-09-11,9325.0,9330.0,8765.0,8815.0,7644.22607421875,11153.0
2020-09-14,8940.0,9040.0,8865.0,8935.0,7748.2880859375,5319.0
2020-09-15,8935.0,8940.0,8765.0,8785.0,7618.21044921875,5236.0
2020-09-16,8820.0,8900.0,8800.0,8895.0,7713.60107421875,4073.0
2020-09-17,8825.0,8995.0,8825.0,8995.0,7800.31884765625,4031.0
2020-09-18,8950.0,8955.0,8820.0,8820.0,7648.56201171875,9832.0
2020-09-21,8750.0,8760.0,8475.0,8495.0,7366.72705078125,5542.0
2020-09-22,8790.0,8940.0,8770.0,8930.0,7743.95166015625,4559.0
2020-09-23,8930.0,9140.0,8885.0,9055.0,7852.3505859375,4158.0
2020-09-24,8930.0,8965.0,8775.0,8810.0,7639.89013671875,5655.0
2020-09-25,8925.0,9070.0,8870.0,9005.0,7808.99072265625,4233.0
2020-09-28,9005.0,9140.0,8995.0,9055.0,7852.3505859375,3530.0
2020-09-29,9305.0,9350.0,9165.0,9295.0,8060.4736328125,6442.0
2020-09-30,9220.0,9345.0,9155.0,9335.0,8095.1611328125,9062.0
2020-10-01,9385.0,9520.0,9320.0,9470.0,8212.2314453125,8381.0
2020-10-02,9360.0,9395.0,9180.0,9250.0,8021.45068359375,5149.0
2020-10-05,9360.0,9415.0,9330.0,9400.0,8151.5283203125,2186.0
2020-10-06,9395.0,9405.0,9275.0,9370.0,8125.5126953125,3523.0
2020-10-07,9400.0,9650.0,9395.0,9650.0,8368.32421875,5164.0
2020-10-08,9650.0,9760.0,9480.0,9560.0,8290.2783203125,3080.0
2020-10-09,9600.0,9670.0,9520.0,9625.0,8346.64453125,4221.0
2020-10-12,9635.0,9920.0,9635.0,9920.0,8602.4638671875,6732.0
2020-10-13,10080.0,10150.0,9740.0,9890.0,8576.4482421875,12012.0
2020-10-14,10150.0,10240.0,9980.0,10090.0,8749.8857421875,7059.0
2020-10-15,10090.0,10090.0,9780.0,9895.0,8580.7841796875,4588.0
2020-10-16,9900.0,10080.0,9880.0,9895.0,8580.7841796875,4451.0
2020-10-19,10020.0,10050.0,9835.0,9950.0,8628.4794921875,3389.0
2020-10-20,9945.0,9945.0,9765.0,9805.0,8502.73828125,4999.0
2020-10-21,9810.0,9825.0,9535.0,9565.0,8294.6142578125,5869.0
2020-10-22,9530.0,9630.0,9390.0,9520.0,8255.5908203125,3470.0
2020-10-23,9485.0,9595.0,9455.0,9490.0,8229.5751953125,8111.0
2020-10-26,9395.0,9450.0,9240.0,9285.0,8051.80224609375,3944.0
2020-10-27,9465.0,9500.0,9310.0,9400.0,8151.5283203125,8982.0
2020-10-28,9310.0,9370.0,9045.0,9075.0,7869.69384765625,8044.0
2020-10-29,9035.0,9330.0,8975.0,9245.0,8017.11474609375,5572.0
2020-10-30,9150.0,9430.0,9050.0,9430.0,8177.54443359375,4602.0
2020-11-02,9430.0,9675.0,9285.0,9605.0,8329.30078125,5037.0
2020-11-03,9740.0,9790.0,9595.0,9630.0,8350.98046875,5179.0
2020-11-04,9545.0,9805.0,9530.0,9720.0,8429.02734375,13134.0
2020-11-05,9745.0,9900.0,9670.0,9780.0,8481.05859375,5572.0
2020-11-06,9780.0,10030.0,9690.0,10020.0,8689.1826171875,6333.0
2020-11-09,10100.0,10600.0,9835.0,9875.0,8563.4404296875,11194.0
2020-11-10,9960.0,10130.0,9875.0,9885.0,8572.11328125,11233.0
2020-11-11,9925.0,10080.0,9840.0,10050.0,8715.1982421875,4921.0
2020-11-12,9990.0,10360.0,9985.0,10250.0,8888.634765625,10097.0
2020-11-13,10210.0,10470.0,10210.0,10430.0,9044.7275390625,7513.0
2020-11-16,10500.0,10590.0,10400.0,10470.0,9079.4150390625,9024.0
2020-11-17,10500.0,10660.0,10450.0,10640.0,9226.8369140625,11193.0
2020-11-18,10870.0,10870.0,10390.0,10510.0,9114.1025390625,11536.0
2020-11-19,10530.0,10710.0,10500.0,10520.0,9122.7744140625,6972.0
2020-11-20,10640.0,10950.0,10640.0,10920.0,9469.6484375,7861.0
2020-11-23,11050.0,11250.0,11010.0,11060.0,9591.0537109375,7257.0
2020-11-24,11200.0,11790.0,11170.0,11600.0,10059.3330078125,18548.0
2020-11-25,11690.0,11690.0,11330.0,11550.0,10015.9736328125,7918.0
2020-11-26,11550.0,11730.0,11470.0,11680.0,10128.70703125,2980.0
2020-11-27,11620.0,11660.0,11500.0,11520.0,9989.9580078125,7381.0
2020-11-30,11520.0,11950.0,11440.0,11820.0,10250.1142578125,23458.0
2020-12-01,11820.0,11940.0,11540.0,11830.0,10258.78515625,13285.0
2020-12-02,11830.0,11830.0,11470.0,11590.0,10050.6611328125,14680.0
2020-12-03,11580.0,11710.0,11530.0,11700.0,10146.0517578125,10532.0
2020-12-04,11850.0,12110.0,11850.0,11950.0,10362.84765625,11037.0
2020-12-07,11990.0,12110.0,11870.0,11930.0,10345.50390625,7224.0
2020-12-08,11910.0,12150.0,11860.0,12040.0,10440.8935546875,7315.0
2020-12-09,12060.0,12090.0,11970.0,12030.0,10432.22265625,7961.0
2020-12-10,11990.0,12080.0,11800.0,12000.0,10406.20703125,8204.0
2020-12-11,11980.0,12320.0,11980.0,12250.0,10623.0029296875,14581.0
2020-12-14,12480.0,12760.0,12450.0,12670.0,10987.2197265625,7101.0
2020-12-15,12770.0,12870.0,12550.0,12850.0,11143.3134765625,5894.0
2020-12-16,12850.0,13150.0,12830.0,13000.0,11273.390625,8123.0
2020-12-17,13020.0,13160.0,12720.0,12770.0,11073.9384765625,8360.0
2020-12-18,12770.0,13190.0,12740.0,13190.0,11438.1552734375,11038.0
2020-12-21,12800.0,12920.0,12710.0,12840.0,11134.640625,11689.0
2020-12-22,12860.0,12870.0,12620.0,12670.0,10987.2197265625,7791.0
2020-12-23,12720.0,12750.0,12460.0,12750.0,11056.5947265625,8025.0
2020-12-24,,,,,,
2020-12-25,,,,,,
2020-12-28,12900.0,12930.0,12660.0,12690.0,11004.5634765625,4380.0
2020-12-29,12750.0,12800.0,12650.0,12800.0,11099.953125,4720.0
2020-12-30,12800.0,12860.0,12650.0,12650.0,10969.8759765625,5252.0
2020-12-31,,,,,,
2021-01-01,,,,,,
2021-01-04,12750.0,12890.0,12690.0,12710.0,11021.9072265625,6359.0
2021-01-05,12710.0,12990.0,12710.0,12820.0,11117.2978515625,6187.0
2021-01-06,12950.0,12950.0,12640.0,12730.0,11039.2509765625,8618.0
2021-01-07,12730.0,13130.0,12620.0,12930.0,11212.6875,14324.0
2021-01-08,13070.0,13420.0,13060.0,13420.0,11637.607421875,8917.0
2021-01-11,13430.0,13600.0,13290.0,13360.0,11585.5771484375,5269.0
2021-01-12,13510.0,13920.0,13510.0,13780.0,11949.7939453125,7863.0
2021-01-13,13850.0,13860.0,13580.0,13770.0,11941.1220703125,7415.0
2021-01-14,13890.0,14060.0,13860.0,13860.0,12019.1689453125,12102.0
2021-01-15,13940.0,14120.0,13700.0,13760.0,11932.4501953125,13111.0
2021-01-18,13760.0,14110.0,13750.0,13900.0,12053.85546875,16873.0
2021-01-19,14050.0,14090.0,13800.0,13920.0,12071.19921875,9225.0
2021-01-20,13950.0,13990.0,13810.0,13940.0,12088.54296875,7232.0
2021-01-21,14000.0,14120.0,13670.0,13670.0,11854.4033203125,7156.0
2021-01-22,13590.0,13590.0,13110.0,13240.0,11481.5146484375,11829.0
2021-01-25,13260.0,13350.0,12550.0,12650.0,10969.8759765625,10996.0
2021-01-26,12320.0,12490.0,12150.0,12210.0,10588.3154296875,9390.0
2021-01-27,12150.0,12150.0,11160.0,11560.0,10024.6455078125,22200.0
2021-01-28,11420.0,11720.0,10840.0,11680.0,10128.70703125,19523.0
2021-01-29,11650.0,11740.0,11400.0,11650.0,10102.69140625,9594.0
2021-02-01,11700.0,12350.0,11630.0,12190.0,10570.9716796875,11225.0
2021-02-02,12360.0,12480.0,12090.0,12160.0,10544.9560546875,7910.0
2021-02-03,12370.0,12480.0,12260.0,12420.0,10770.423828125,9702.0
2021-02-04,12440.0,12450.0,11980.0,12090.0,10484.2529296875,5804.0
2021-02-05,12400.0,12400.0,12140.0,12340.0,10701.048828125,6515.0
2021-02-08,12230.0,12390.0,12170.0,12350.0,10709.720703125,5825.0
2021-02-09,12350.0,12480.0,12320.0,12370.0,10727.064453125,5077.0
2021-02-10,11500.0,11830.0,11160.0,11570.0,10033.3173828125,13474.0
2021-02-11,11670.0,11800.0,11600.0,11780.0,10215.4267578125,7392.0
2021-02-12,11810.0,11880.0,11550.0,11750.0,10189.4111328125,11527.0
2021-02-15,11890.0,11890.0,11550.0,11550.0,10015.9736328125,5072.0
2021-02-16,11580.0,11620.0,11290.0,11520.0,9989.9580078125,9762.0
2021-02-17,11540.0,11830.0,11470.0,11700.0,10146.0517578125,9942.0
2021-02-18,11790.0,11890.0,11430.0,11480.0,9955.2705078125,7545.0
2021-02-19,11570.0,11900.0,11550.0,11900.0,10319.4873046875,8492.0
2021-02-22,11900.0,12070.0,11740.0,11910.0,10328.16015625,6986.0
2021-02-23,11970.0,12050.0,11560.0,11970.0,10380.1904296875,5992.0
2021-02-24,11920.0,12780.0,11920.0,12700.0,11013.2353515625,12819.0
2021-02-25,12840.0,13050.0,12590.0,12710.0,11021.9072265625,9172.0
2021-02-26,12500.0,12540.0,12200.0,12370.0,10727.064453125,16726.0
2021-03-01,12500.0,12800.0,12500.0,12730.0,11039.2509765625,6770.0
2021-03-02,12790.0,12820.0,12620.0,12750.0,11056.5947265625,5719.0
2021-03-03,12760.0,12920.0,12520.0,12650.0,10969.8759765625,6874.0
2021-03-04,12560.0,12720.0,12380.0,12550.0,10883.1572265625,6671.0
2021-03-05,12460.0,12690.0,12410.0,12540.0,10874.4853515625,6529.0
2021-03-08,12530.0,12550.0,11940.0,12350.0,10709.720703125,8154.0
2021-03-09,12400.0,12990.0,12340.0,12990.0,11264.71875,6770.0
2021-03-10,12770.0,13090.0,12580.0,13090.0,11351.4365234375,11181.0
2021-03-11,13100.0,13290.0,13040.0,13290.0,11524.873046875,8673.0
2021-03-12,13200.0,13210.0,13000.0,13170.0,11420.8115234375,5006.0
2021-03-15,13170.0,13360.0,13130.0,13180.0,11429.4833984375,4339.0
2021-03-16,13250.0,13430.0,13230.0,13280.0,11516.2021484375,5654.0
2021-03-17,13280.0,13550.0,13190.0,13520.0,11724.326171875,5881.0
2021-03-18,13630.0,14050.0,13430.0,13970.0,12114.55859375,6810.0
2021-03-19,13800.0,14080.0,13690.0,14000.0,12140.57421875,11060.0
2021-03-22,13950.0,14160.0,13770.0,13900.0,12053.85546875,7182.0
2021-03-23,13700.0,13700.0,13010.0,13110.0,11368.7802734375,10636.0
2021-03-24,12920.0,12920.0,12580.0,12830.0,11413.259765625,10029.0
2021-03-25,12830.0,12940.0,12410.0,12880.0,11457.73828125,5810.0
2021-03-26,13070.0,13530.0,13060.0,13530.0,12035.962890625,7530.0
2021-03-29,13400.0,13570.0,13100.0,13390.0,11911.421875,5154.0
2021-03-30,13600.0,13730.0,13480.0,13720.0,12204.982421875,3721.0
2021-03-31,13760.0,14110.0,13710.0,13810.0,12285.0439453125,8442.0
2021-04-01,,,,,,
2021-04-02,,,,,,
2021-04-05,,,,,,
2021-04-06,13880.0,14050.0,13680.0,13820.0,12293.939453125,5311.0
2021-04-07,13960.0,14260.0,13870.0,14040.0,12489.646484375,5801.0
2021-04-08,14150.0,14370.0,14060.0,14100.0,12543.021484375,5966.0
2021-04-09,14230.0,14310.0,14130.0,14160.0,12596.3955078125,4282.0
2021-04-12,14220.0,14220.0,13910.0,13920.0,12382.8974609375,2372.0
2021-04-13,13960.0,14110.0,13930.0,14000.0,12454.0634765625,4757.0
2021-04-14,14040.0,14040.0,13560.0,13690.0,12178.294921875,5128.0
2021-04-15,13850.0,14010.0,13740.0,13790.0,12267.2529296875,3953.0
2021-04-16,13880.0,14230.0,13850.0,14180.0,12614.1875,6468.0
2021-04-19,14150.0,14290.0,14090.0,14200.0,12631.978515625,2914.0
2021-04-20,14200.0,14240.0,13860.0,13880.0,12347.314453125,5125.0
2021-04-21,13870.0,14100.0,13820.0,14090.0,12534.125,5372.0
2021-04-22,14110.0,14200.0,13820.0,13940.0,12400.6884765625,5635.0
2021-04-23,13890.0,14250.0,13890.0,14190.0,12623.0830078125,5103.0
2021-04-26,14280.0,14650.0,14280.0,14510.0,12907.7470703125,5199.0
2021-04-27,15040.0,15260.0,14440.0,14480.0,12881.0595703125,6848.0
2021-04-28,14580.0,14680.0,14240.0,14680.0,13058.974609375,6079.0
2021-04-29,14740.0,14860.0,14520.0,14550.0,12943.330078125,6373.0
2021-04-30,,,,,,
2021-05-03,14500.0,14510.0,14090.0,14350.0,12765.4150390625,6028.0
2021-05-04,14440.0,14530.0,13980.0,14220.0,12649.7705078125,6818.0
2021-05-05,14390.0,15140.0,14300.0,15120.0,13450.388671875,8982.0
2021-05-06,15120.0,15600.0,15020.0,15350.0,13654.9912109375,8274.0
2021-05-07,15250.0,15380.0,15020.0,15200.0,13521.5546875,6969.0
2021-05-10,15290.0,15910.0,15230.0,15500.0,13788.427734375,11451.0
2021-05-11,15280.0,15320.0,14770.0,14960.0,13308.056640625,6230.0
2021-05-12,14960.0,15060.0,14550.0,14740.0,13112.349609375,8361.0
2021-05-13,,,,,,
2021-05-14,,,,,,
2021-05-17,14810.0,14980.0,14700.0,14830.0,13192.4111328125,7289.0
2021-05-18,14930.0,15550.0,14930.0,15540.0,13824.0107421875,11886.0
2021-05-19,15540.0,15940.0,15270.0,15490.0,13779.53125,15915.0
2021-05-20,15640.0,15960.0,15610.0,15960.0,14197.6318359375,6598.0
2021-05-21,15960.0,16360.0,15930.0,16330.0,14526.775390625,10002.0
2021-05-24,,,,,,
2021-05-25,16500.0,16790.0,16250.0,16260.0,14464.5048828125,8772.0
2021-05-26,16280.0,16330.0,15970.0,16080.0,14304.3818359375,8519.0
2021-05-27,16000.0,16220.0,15810.0,15860.0,14108.6748046875,22754.0
2021-05-28,15930.0,16250.0,15920.0,16110.0,14331.068359375,5347.0
2021-05-31,16270.0,16340.0,16000.0,16100.0,14322.1728515625,2953.0
2021-06-01,16200.0,16550.0,16200.0,16550.0,14722.482421875,6514.0
2021-06-02,16550.0,16880.0,16430.0,16870.0,15007.146484375,10072.0
2021-06-03,16830.0,17150.0,16710.0,17140.0,15247.33203125,6490.0
2021-06-04,17110.0,17770.0,17110.0,17300.0,15389.6640625,6174.0
2021-06-07,17230.0,17600.0,17190.0,17570.0,15629.849609375,2978.0
2021-06-08,17360.0,17600.0,17250.0,17280.0,15371.873046875,2077.0
2021-06-09,17340.0,17600.0,17280.0,17500.0,15567.5791015625,4281.0
2021-06-10,17500.0,17790.0,17460.0,17710.0,15754.390625,5080.0
2021-06-11,17810.0,17920.0,17490.0,17580.0,15638.7451171875,4624.0
2021-06-14,17710.0,17820.0,17440.0,17610.0,15665.4326171875,4615.0
2021-06-15,17700.0,18090.0,17600.0,17720.0,15763.2861328125,3690.0
2021-06-16,17790.0,17860.0,17500.0,17650.0,15701.015625,6298.0
2021-06-17,17640.0,17750.0,17270.0,17270.0,15362.9765625,4619.0
2021-06-18,17710.0,17710.0,17020.0,17140.0,15247.33203125,17600.0
2021-06-21,17150.0,17550.0,16970.0,17550.0,15612.0576171875,5406.0
2021-06-22,17700.0,17820.0,17400.0,17530.0,15594.2666015625,7543.0
2021-06-23,17500.0,17710.0,17080.0,17230.0,15327.3935546875,7661.0
2021-06-24,17410.0,17820.0,17350.0,17440.0,15514.205078125,6055.0
2021-06-25,17640.0,17720.0,17370.0,17640.0,15692.1201171875,5355.0
2021-06-28,17640.0,17640.0,17220.0,17370.0,15451.9345703125,6165.0
2021-06-29,17370.0,17600.0,17350.0,17480.0,15549.7880859375,3861.0
2021-06-30,17360.0,17740.0,17360.0,17420.0,15496.4130859375,6559.0
2021-07-01,17450.0,17770.0,17280.0,17490.0,15558.68359375,5776.0
2021-07-02,17540.0,17860.0,17390.0,17510.0,15576.474609375,5367.0
2021-07-05,17510.0,17830.0,17500.0,17710.0,15754.390625,2797.0
2021-07-06,17680.0,18000.0,17590.0,17630.0,15683.224609375,5703.0
2021-07-07,17790.0,18060.0,17680.0,17840.0,15870.03515625,6376.0
2021-07-08,17900.0,17900.0,17250.0,17460.0,15531.99609375,9901.0
2021-07-09,17450.0,17460.0,16810.0,17450.0,15523.1005859375,10245.0
2021-07-12,17450.0,17630.0,17090.0,17590.0,15647.640625,6690.0
2021-07-13,17570.0,17600.0,17250.0,17270.0,15362.9765625,4361.0
2021-07-14,17150.0,17440.0,17140.0,17310.0,15398.5595703125,6480.0
2021-07-15,17330.0,17380.0,16750.0,16810.0,14953.771484375,6464.0
2021-07-16,16740.0,16970.0,16580.0,16860.0,14998.2509765625,7992.0
2021-07-19,16740.0,16840.0,16420.0,16570.0,14740.2734375,3886.0
2021-07-20,16570.0,16820.0,16420.0,16580.0,14749.1689453125,3359.0
2021-07-21,16680.0,16890.0,16590.0,16880.0,15016.0419921875,4194.0
2021-07-22,16880.0,17080.0,16730.0,16730.0,14882.60546875,3830.0
2021-07-23,16730.0,16880.0,16620.0,16820.0,14962.66796875,3334.0
2021-07-26,16840.0,17110.0,16840.0,17010.0,15131.6875,2968.0
2021-07-27,16980.0,17020.0,16680.0,17000.0,15122.791015625,3236.0
2021-07-28,16900.0,16940.0,16570.0,16590.0,14758.0654296875,3451.0
2021-07-29,16600.0,16800.0,16390.0,16560.0,14731.3779296875,4731.0
2021-07-30,16500.0,16910.0,16370.0,16770.0,14918.1884765625,5014.0
2021-08-02,16910.0,17040.0,16820.0,17030.0,15149.478515625,3961.0
2021-08-03,17330.0,17340.0,16770.0,16810.0,14953.771484375,5318.0
2021-08-04,16980.0,17050.0,16840.0,16960.0,15087.2080078125,3736.0
2021-08-05,17010.0,17010.0,16730.0,16790.0,14935.98046875,4606.0
2021-08-06,16800.0,17110.0,16470.0,16800.0,14944.8759765625,4996.0
2021-08-09,17000.0,17030.0,16870.0,17010.0,15131.6875,3313.0
2021-08-10,17130.0,17280.0,17100.0,17280.0,15371.873046875,3540.0
2021-08-11,17280.0,17980.0,17280.0,17760.0,15798.869140625,9026.0
2021-08-12,17800.0,18050.0,17520.0,18050.0,16056.845703125,6038.0
2021-08-13,18050.0,18210.0,17790.0,17820.0,15852.2431640625,5909.0
2021-08-16,17810.0,17810.0,17410.0,17560.0,15620.9541015625,3865.0
2021-08-17,17560.0,17870.0,17380.0,17810.0,15843.34765625,4733.0
2021-08-18,17790.0,17890.0,17620.0,17880.0,15905.6181640625,2798.0
2021-08-19,17680.0,17710.0,17270.0,17630.0,15683.224609375,4641.0
2021-08-20,17560.0,17560.0,17140.0,17140.0,15247.33203125,4536.0
2021-08-23,17380.0,17480.0,17220.0,17330.0,15416.3515625,3710.0
2021-08-24,17430.0,17500.0,16940.0,17030.0,15149.478515625,4691.0
2021-08-25,17050.0,17080.0,16810.0,16940.0,15069.4169921875,3353.0
2021-08-26,16880.0,17280.0,16800.0,17270.0,15362.9765625,5378.0
2021-08-27,17260.0,17270.0,16940.0,17250.0,15345.185546875,6678.0
2021-08-30,17300.0,17450.0,17170.0,17330.0,15416.3515625,5760.0
2021-08-31,17430.0,17540.0,16870.0,17050.0,15167.2705078125,13834.0
2021-09-01,17220.0,17250.0,16910.0,17050.0,15167.2705078125,7085.0
2021-09-02,17050.0,17320.0,16930.0,17320.0,15407.4560546875,3806.0
2021-09-03,17330.0,17720.0,17330.0,17570.0,15629.849609375,5727.0
2021-09-06,17680.0,18100.0,17650.0,18100.0,16101.3251953125,3881.0
2021-09-07,18100.0,18470.0,18000.0,18360.0,16332.6142578125,5439.0
2021-09-08,18360.0,18360.0,17920.0,18040.0,16047.9501953125,4620.0
2021-09-09,17950.0,18500.0,17950.0,18450.0,16412.67578125,4783.0
2021-09-10,18450.0,18450.0,18120.0,18270.0,16252.552734375,3601.0
2021-09-13,18270.0,18480.0,18030.0,18100.0,16101.3251953125,3954.0
2021-09-14,18350.0,18560.0,18200.0,18360.0,16332.6142578125,4728.0
2021-09-15,18440.0,18870.0,18430.0,18800.0,16724.02734375,6586.0
2021-09-16,18800.0,19140.0,18380.0,18630.0,16572.80078125,10496.0
2021-09-17,18950.0,18970.0,18460.0,18500.0,16457.154296875,9039.0
2021-09-20,18300.0,18310.0,17420.0,17600.0,15656.537109375,5814.0
2021-09-21,17550.0,18040.0,17550.0,18010.0,16021.2626953125,4726.0
2021-09-22,18250.0,18370.0,18170.0,18300.0,16279.240234375,4597.0
2021-09-23,18420.0,18790.0,18420.0,18790.0,16715.1328125,4303.0
2021-09-24,18730.0,18910.0,18390.0,18390.0,16359.3017578125,5135.0
2021-09-27,18450.0,18460.0,17800.0,18010.0,16021.2626953125,9611.0
2021-09-28,18020.0,18020.0,17450.0,17660.0,15709.9111328125,5507.0
2021-09-29,17660.0,17950.0,17480.0,17520.0,15585.37109375,5251.0
2021-09-30,17750.0,17860.0,16550.0,16550.0,14722.482421875,8629.0
2021-10-01,16450.0,16480.0,16050.0,16360.0,14553.462890625,4803.0
2021-10-04,16340.0,16340.0,15340.0,15520.0,13806.21875,6942.0
2021-10-05,15540.0,16320.0,15460.0,16240.0,14446.7138671875,6160.0
2021-10-06,16300.0,16310.0,15630.0,16210.0,14420.0263671875,5022.0
2021-10-07,16440.0,16630.0,16230.0,16550.0,14722.482421875,4979.0
2021-10-08,16740.0,16840.0,16530.0,16530.0,14704.6904296875,4691.0
2021-10-11,16540.0,16540.0,16010.0,16230.0,14437.8173828125,3484.0
2021-10-12,16110.0,16620.0,16010.0,16440.0,14624.62890625,4646.0
2021-10-13,16550.0,16730.0,16360.0,16410.0,14597.94140625,4339.0
2021-10-14,16510.0,16510.0,15610.0,15620.0,13895.1767578125,6489.0
2021-10-15,15710.0,15800.0,15170.0,15650.0,13921.86328125,8150.0
2021-10-18,15530.0,15900.0,15520.0,15880.0,14126.4658203125,5384.0
2021-10-19,15880.0,16540.0,15870.0,16530.0,14704.6904296875,3932.0
2021-10-20,16530.0,16600.0,16220.0,16550.0,14722.482421875,4381.0
2021-10-21,16550.0,16880.0,16480.0,16700.0,14855.9189453125,4140.0
2021-10-22,16750.0,17070.0,16610.0,17020.0,15140.5830078125,4006.0
2021-10-25,17200.0,17660.0,17200.0,17520.0,15585.37109375,7166.0
2021-10-26,17600.0,18030.0,17540.0,17880.0,15905.6181640625,6081.0
2021-10-27,17880.0,17880.0,17540.0,17660.0,15709.9111328125,3753.0
2021-10-28,17530.0,17720.0,17170.0,17520.0,15585.37109375,6347.0
2021-10-29,17520.0,17840.0,17280.0,17620.0,15674.328125,5935.0
2021-11-01,17900.0,18400.0,17740.0,18240.0,16225.865234375,6434.0
2021-11-02,18500.0,19170.0,17910.0,18890.0,16804.08984375,13938.0
2021-11-03,18940.0,19710.0,18930.0,19710.0,17533.54296875,9695.0
2021-11-04,19720.0,20280.0,18930.0,19120.0,17008.69140625,9133.0
2021-11-05,19110.0,19570.0,18740.0,18740.0,16670.654296875,11889.0
2021-11-08,18800.0,18970.0,18690.0,18810.0,16732.923828125,4251.0
2021-11-09,18820.0,19300.0,18760.0,19150.0,17035.37890625,4217.0
2021-11-10,19090.0,19210.0,18610.0,18730.0,16661.7578125,5450.0
2021-11-11,18750.0,19220.0,18650.0,19070.0,16964.212890625,4605.0
2021-11-12,19120.0,19440.0,18910.0,19150.0,17035.37890625,6637.0
2021-11-15,19100.0,19180.0,18760.0,18820.0,16741.8203125,3877.0
2021-11-16,18870.0,19040.0,18550.0,18550.0,16501.634765625,5040.0
2021-11-17,18550.0,18740.0,18450.0,18700.0,16635.0703125,2911.0
2021-11-18,18570.0,18730.0,18170.0,18290.0,16270.3447265625,5654.0
2021-11-19,18470.0,18830.0,18450.0,18650.0,16590.591796875,7214.0
2021-11-22,18750.0,18800.0,18420.0,18510.0,16466.05078125,3572.0
2021-11-23,18470.0,18470.0,17910.0,17940.0,15958.9931640625,4408.0
2021-11-24,18000.0,18220.0,17940.0,18150.0,16145.8037109375,3719.0
2021-11-25,18120.0,18570.0,18090.0,18160.0,16154.69921875,3597.0
2021-11-26,17750.0,18450.0,17640.0,18160.0,16154.69921875,6099.0
2021-11-29,18650.0,18850.0,18180.0,18520.0,16474.947265625,5080.0
2021-11-30,18550.0,18980.0,18420.0,18770.0,16697.33984375,22703.0
2021-12-01,18840.0,19040.0,18670.0,18890.0,16804.08984375,6017.0
2021-12-02,18910.0,19020.0,18330.0,18740.0,16670.654296875,4411.0
2021-12-03,18880.0,19100.0,18730.0,18810.0,16732.923828125,5819.0
2021-12-06,18900.0,19000.0,18430.0,18610.0,16555.0078125,4219.0
2021-12-07,18730.0,19210.0,18730.0,19120.0,17008.69140625,6295.0
2021-12-08,19100.0,19700.0,19100.0,19640.0,17471.271484375,7411.0
2021-12-09,19640.0,20020.0,19580.0,19940.0,17738.14453125,3114.0
2021-12-10,19830.0,20040.0,19510.0,19660.0,17489.0625,5004.0
2021-12-13,19920.0,20240.0,19830.0,19830.0,17640.291015625,6165.0
2021-12-14,19860.0,20000.0,19500.0,19510.0,17355.626953125,3852.0
2021-12-15,19520.0,20080.0,19520.0,19960.0,17755.935546875,4491.0
2021-12-16,20080.0,20700.0,20080.0,20660.0,18378.638671875,4744.0
2021-12-17,20520.0,20600.0,20160.0,20240.0,18005.017578125,9521.0
2021-12-20,20100.0,20840.0,19690.0,20640.0,18360.84765625,7722.0
2021-12-21,20860.0,20980.0,20420.0,20780.0,18485.388671875,4334.0
2021-12-22,20860.0,20980.0,20660.0,20980.0,18663.302734375,2768.0
2021-12-23,21000.0,21220.0,20940.0,21220.0,18876.802734375,3642.0
2021-12-24,,,,,,
2021-12-27,21260.0,21720.0,21260.0,21720.0,19321.58984375,1765.0
2021-12-28,21800.0,21920.0,21600.0,21880.0,19463.921875,1849.0
2021-12-29,21940.0,22000.0,21600.0,21980.0,19552.87890625,2175.0
2021-12-30,21980.0,22180.0,21780.0,21780.0,19374.96484375,3549.0
2021-12-31,,,,,,
2022-01-03,21960.0,22460.0,21740.0,22380.0,19908.708984375,2990.0
2022-01-04,22500.0,22720.0,22360.0,22700.0,20193.375,4477.0
2022-01-05,22700.0,23060.0,22620.0,22800.0,20282.33203125,3424.0
2022-01-06,22620.0,22720.0,21960.0,22140.0,19695.2109375,4030.0
2022-01-07,22280.0,22540.0,22120.0,22440.0,19962.083984375,4119.0
2022-01-10,22600.0,22880.0,21560.0,21580.0,19197.048828125,4947.0
2022-01-11,21600.0,22160.0,21600.0,21740.0,19339.380859375,6319.0
2022-01-12,21920.0,22820.0,21920.0,22660.0,20157.791015625,4141.0
2022-01-13,22660.0,23160.0,22600.0,23120.0,20566.99609375,4382.0
2022-01-14,23000.0,23020.0,22000.0,22020.0,19588.462890625,8213.0
2022-01-17,22020.0,22020.0,20800.0,21300.0,18947.96875,5372.0
2022-01-18,21300.0,21600.0,20960.0,21420.0,19054.716796875,3585.0
2022-01-19,21100.0,21420.0,20660.0,20860.0,18556.5546875,6601.0
2022-01-20,20880.0,21520.0,20660.0,21460.0,19090.30078125,3914.0
2022-01-21,21280.0,21280.0,20860.0,21120.0,18787.84375,4470.0
2022-01-24,21180.0,21560.0,20200.0,20480.0,18218.515625,5136.0
2022-01-25,20480.0,20980.0,20300.0,20700.0,18414.22265625,3853.0
2022-01-26,21000.0,21640.0,20920.0,21400.0,19036.92578125,4625.0
2022-01-27,21300.0,22080.0,21080.0,21860.0,19446.130859375,5867.0
2022-01-28,21900.0,21900.0,21200.0,21600.0,19214.83984375,5989.0
2022-01-31,21860.0,22180.0,21500.0,22100.0,19659.62890625,5576.0
2022-02-01,22420.0,22460.0,21320.0,21680.0,19286.005859375,6813.0
2022-02-02,21740.0,22160.0,21520.0,22160.0,19713.00390625,5120.0
2022-02-03,22100.0,22320.0,21580.0,21920.0,19499.505859375,4280.0
2022-02-04,22020.0,22140.0,20640.0,20680.0,18396.431640625,6500.0
2022-02-07,20880.0,21020.0,20320.0,20840.0,18538.763671875,5589.0
2022-02-08,20900.0,21220.0,20360.0,20440.0,18182.931640625,5062.0
2022-02-09,19820.0,21860.0,19570.0,21740.0,19339.380859375,10741.0
2022-02-10,22040.0,22480.0,21580.0,22000.0,19570.671875,7787.0
2022-02-11,22000.0,22100.0,21440.0,22060.0,19624.044921875,7789.0
2022-02-14,21780.0,21780.0,21220.0,21440.0,19072.5078125,6256.0
2022-02-15,21360.0,21980.0,21360.0,21860.0,19446.130859375,4889.0
2022-02-16,22040.0,22300.0,21700.0,22080.0,19641.837890625,7526.0
2022-02-17,22060.0,22660.0,22060.0,22240.0,19784.169921875,6748.0
2022-02-18,22280.0,22640.0,21820.0,21940.0,19517.296875,7642.0
2022-02-21,21940.0,22260.0,21200.0,21240.0,18894.59375,4019.0
2022-02-22,20480.0,21640.0,20080.0,21480.0,19108.091796875,4942.0
2022-02-23,21580.0,21900.0,20820.0,20820.0,18520.970703125,4986.0
2022-02-24,19780.0,20360.0,19040.0,19900.0,17702.5625,7513.0
2022-02-25,20300.0,20560.0,19940.0,20440.0,18182.931640625,8864.0
2022-02-28,20000.0,20540.0,19730.0,19900.0,17702.5625,16555.0
2022-03-01,19820.0,20360.0,19480.0,19800.0,17613.603515625,9623.0
2022-03-02,19460.0,20640.0,19230.0,20500.0,18236.306640625,14852.0
2022-03-03,20800.0,21400.0,20400.0,21080.0,18752.26171875,9723.0
2022-03-04,20860.0,21020.0,20280.0,20340.0,18093.974609375,8488.0
2022-03-07,19750.0,19970.0,19250.0,19280.0,17151.025390625,8276.0
2022-03-08,19160.0,19280.0,18420.0,18780.0,16706.236328125,12250.0
2022-03-09,19250.0,19710.0,18420.0,19710.0,17533.54296875,9704.0
2022-03-10,19920.0,20160.0,19510.0,19840.0,17649.1875,7076.0
2022-03-11,19930.0,21000.0,19790.0,20920.0,18609.9296875,9493.0
2022-03-14,21320.0,22480.0,21120.0,22220.0,19766.376953125,20751.0
2022-03-15,22100.0,23160.0,21740.0,22640.0,20140.0,19503.0
2022-03-16,20700.0,21960.0,20580.0,21620.0,21620.0,21595.0
2022-03-17,21740.0,22460.0,21420.0,21880.0,21880.0,16826.0
2022-03-18,21880.0,22480.0,21660.0,21840.0,21840.0,101423.0
2022-03-21,21820.0,22280.0,21580.0,22160.0,22160.0,7160.0
2022-03-22,22000.0,22280.0,21840.0,21940.0,21940.0,4408.0
2022-03-23,21980.0,22180.0,21540.0,21760.0,21760.0,4440.0
2022-03-24,21780.0,22040.0,20740.0,20760.0,20760.0,6103.0
2022-03-25,20940.0,21000.0,19600.0,19960.0,19960.0,8986.0
2022-03-28,20040.0,20820.0,20000.0,20700.0,20700.0,6313.0
2022-03-29,20440.0,20480.0,19710.0,19790.0,19790.0,9510.0
2022-03-30,19830.0,20120.0,19550.0,19850.0,19850.0,5911.0
2022-03-31,20020.0,20220.0,19790.0,19950.0,19950.0,4964.0
2022-04-01,19860.0,19910.0,19490.0,19820.0,19820.0,9910.0
2022-04-04,19800.0,19800.0,18360.0,18860.0,18860.0,10435.0
2022-04-05,18860.0,19000.0,17910.0,18180.0,18180.0,11630.0
2022-04-06,18210.0,18260.0,17070.0,17620.0,17620.0,12134.0
2022-04-07,17620.0,17880.0,17220.0,17500.0,17500.0,7407.0
2022-04-08,17640.0,18020.0,17510.0,17700.0,17700.0,9054.0
2022-04-11,17640.0,17750.0,17110.0,17250.0,17250.0,8480.0
2022-04-12,17010.0,17570.0,16980.0,17230.0,17230.0,4714.0
2022-04-13,17280.0,17750.0,17220.0,17750.0,17750.0,6050.0
2022-04-14,,,,,,
2022-04-15,,,,,,
2022-04-18,,,,,,
2022-04-19,18330.0,18880.0,18070.0,18660.0,18660.0,8841.0
2022-04-20,18680.0,19260.0,18520.0,19240.0,19240.0,5011.0
2022-04-21,19240.0,19300.0,18850.0,19140.0,19140.0,4968.0
2022-04-22,18810.0,19090.0,18410.0,18540.0,18540.0,4606.0
2022-04-25,18130.0,18170.0,17440.0,17740.0,17740.0,6525.0
2022-04-26,19300.0,19300.0,18270.0,18280.0,18280.0,9205.0
2022-04-27,18280.0,19370.0,18210.0,19180.0,19180.0,6656.0
2022-04-28,19310.0,19630.0,19170.0,19520.0,19520.0,4401.0
2022-04-29,19700.0,20340.0,19570.0,20200.0,20200.0,8080.0
2022-05-02,20120.0,20120.0,17850.0,19680.0,19680.0,5353.0
2022-05-03,19780.0,19980.0,19430.0,19700.0,19700.0,3222.0
2022-05-04,20000.0,20460.0,19700.0,20360.0,20360.0,4724.0
2022-05-05,21000.0,21240.0,20500.0,20600.0,20600.0,7906.0
2022-05-06,20620.0,20880.0,20100.0,20260.0,20260.0,7461.0
2022-05-09,20020.0,20400.0,18930.0,18960.0,18960.0,3919.0
2022-05-10,18980.0,19890.0,18710.0,19530.0,19530.0,5709.0
2022-05-11,19530.0,19680.0,18780.0,18960.0,18960.0,5993.0
2022-05-12,18800.0,19150.0,18100.0,19150.0,19150.0,8114.0
2022-05-13,,,,,,
2022-05-16,19300.0,19670.0,18890.0,19440.0,19440.0,7913.0
2022-05-17,19680.0,20480.0,19640.0,20220.0,20220.0,5106.0
2022-05-18,20480.0,20820.0,19870.0,20140.0,20140.0,6141.0
2022-05-19,19680.0,19720.0,18860.0,19460.0,19460.0,8518.0
2022-05-20,19740.0,20600.0,19740.0,20560.0,20560.0,17340.0
2022-05-23,20740.0,21040.0,20200.0,20260.0,20260.0,6524.0
2022-05-24,19910.0,20500.0,19710.0,19750.0,19750.0,6304.0
2022-05-25,20060.0,20340.0,19850.0,20160.0,20160.0,6681.0
2022-05-26,,,,,,
2022-05-27,,,,,,
2022-05-30,20260.0,21080.0,20180.0,20460.0,20460.0,11326.0
2022-05-31,20420.0,20420.0,19780.0,20020.0,20020.0,66003.0
2022-06-01,20160.0,20800.0,19860.0,20500.0,20500.0,7954.0
2022-06-02,20540.0,20980.0,20140.0,20940.0,20940.0,5967.0
2022-06-03,21200.0,21320.0,20760.0,21200.0,21200.0,7862.0
2022-06-06,,,,,,
2022-06-07,21200.0,21480.0,20740.0,20920.0,20920.0,6163.0
2022-06-08,20840.0,20860.0,18940.0,19220.0,19220.0,17916.0
2022-06-09,19210.0,19210.0,18430.0,18940.0,18940.0,8517.0
2022-06-10,18680.0,18720.0,17880.0,18260.0,18260.0,7317.0
2022-06-13,18030.0,18180.0,17740.0,18160.0,18160.0,6094.0
2022-06-14,18230.0,18520.0,17730.0,18340.0,18340.0,4912.0
2022-06-15,18380.0,18550.0,17800.0,18100.0,18100.0,5331.0
2022-06-16,18100.0,18110.0,16420.0,16940.0,16940.0,7527.0
2022-06-17,16840.0,17110.0,16220.0,16360.0,16360.0,13120.0
2022-06-20,16360.0,17100.0,16140.0,16760.0,16760.0,4867.0
2022-06-21,16900.0,17280.0,16850.0,17190.0,17190.0,4292.0
2022-06-22,17130.0,17130.0,16620.0,16730.0,16730.0,4245.0
2022-06-23,16500.0,16590.0,16010.0,16320.0,16320.0,5051.0
2022-06-24,16320.0,16860.0,16210.0,16840.0,16840.0,7013.0
2022-06-27,16910.0,17470.0,16910.0,17260.0,17260.0,4044.0
2022-06-28,17300.0,17430.0,16780.0,16900.0,16900.0,5693.0
2022-06-29,16720.0,17170.0,16670.0,17030.0,17030.0,4289.0
2022-06-30,16920.0,16920.0,16180.0,16350.0,16350.0,6807.0
2022-07-01,16650.0,16860.0,16300.0,16450.0,16450.0,7480.0
2022-07-04,16850.0,16850.0,16500.0,16520.0,16520.0,2685.0
2022-07-05,16700.0,16820.0,15910.0,15920.0,15920.0,6341.0
2022-07-06,15920.0,16180.0,15800.0,15940.0,15940.0,5646.0
2022-07-07,16200.0,17230.0,16200.0,17180.0,17180.0,6443.0
2022-07-08,17330.0,17630.0,17030.0,17630.0,17630.0,10827.0
2022-07-11,17400.0,17530.0,16940.0,17140.0,17140.0,5195.0
2022-07-12,17040.0,17210.0,16850.0,16990.0,16990.0,4852.0
2022-07-13,16990.0,17220.0,16740.0,16930.0,16930.0,4667.0
2022-07-14,17000.0,17360.0,16920.0,16950.0,16950.0,4880.0
2022-07-15,16960.0,17430.0,16840.0,17430.0,17430.0,6099.0
2022-07-18,17480.0,18330.0,17480.0,18320.0,18320.0,3940.0
2022-07-19,18320.0,18370.0,17900.0,18230.0,18230.0,4152.0
2022-07-20,18300.0,18510.0,17910.0,18230.0,18230.0,4398.0
2022-07-21,18030.0,18550.0,18030.0,18290.0,18290.0,4782.0
2022-07-22,18280.0,18310.0,17880.0,18040.0,18040.0,6462.0
2022-07-25,18040.0,18360.0,17520.0,18110.0,18110.0,4488.0
2022-07-26,18300.0,18350.0,17910.0,18350.0,18350.0,4108.0
2022-07-27,18500.0,18730.0,18250.0,18390.0,18390.0,3364.0
2022-07-28,18410.0,19350.0,18410.0,19200.0,19200.0,4387.0
2022-07-29,19220.0,19500.0,19100.0,19410.0,19410.0,8410.0
2022-08-01,19620.0,19880.0,19310.0,19310.0,19310.0,6272.0
2022-08-02,19960.0,19990.0,19360.0,19800.0,19800.0,7820.0
2022-08-03,20020.0,21000.0,19770.0,20980.0,20980.0,9639.0
2022-08-04,21000.0,22260.0,21000.0,21500.0,21500.0,8041.0
2022-08-05,21700.0,21860.0,20220.0,20620.0,20620.0,8181.0
2022-08-08,20660.0,20960.0,20340.0,20380.0,20380.0,3665.0
2022-08-09,20380.0,20600.0,20180.0,20360.0,20360.0,3064.0
2022-08-10,20240.0,20900.0,20020.0,20740.0,20740.0,4110.0
2022-08-11,20780.0,20960.0,20380.0,20680.0,20680.0,2317.0
2022-08-12,20680.0,20720.0,19580.0,19740.0,19740.0,7473.0
2022-08-15,19860.0,20140.0,19500.0,19660.0,19660.0,4154.0
2022-08-16,19660.0,20100.0,19660.0,19980.0,19980.0,3332.0
2022-08-17,20160.0,20260.0,19520.0,19520.0,19520.0,3479.0
2022-08-18,19540.0,19780.0,19280.0,19430.0,19430.0,3763.0
2022-08-19,19410.0,19560.0,19120.0,19440.0,19440.0,7261.0
2022-08-22,19330.0,19490.0,18880.0,19180.0,19180.0,4831.0
2022-08-23,18430.0,18800.0,18170.0,18600.0,18600.0,7235.0
2022-08-24,18270.0,18810.0,18240.0,18610.0,18610.0,5035.0
2022-08-25,18660.0,18960.0,18590.0,18750.0,18750.0,2998.0
2022-08-26,18860.0,18880.0,17920.0,18140.0,18140.0,8451.0
2022-08-29,17880.0,18100.0,17420.0,17890.0,17890.0,3883.0
2022-08-30,17890.0,18170.0,17690.0,17790.0,17790.0,3290.0
2022-08-31,17660.0,18050.0,17350.0,17360.0,17360.0,13622.0
2022-09-01,17030.0,17240.0,16580.0,16950.0,16950.0,9278.0
2022-09-02,17090.0,17100.0,16480.0,16770.0,16770.0,13049.0
2022-09-05,16200.0,16420.0,16020.0,16160.0,16160.0,10168.0
2022-09-06,16170.0,16230.0,15640.0,15810.0,15810.0,10518.0
2022-09-07,15610.0,16030.0,15480.0,15850.0,15850.0,9544.0
2022-09-08,15950.0,16000.0,15470.0,15670.0,15670.0,6185.0
2022-09-09,15770.0,15890.0,15620.0,15680.0,15680.0,10632.0
2022-09-12,15790.0,16320.0,15790.0,16000.0,16000.0,7669.0
2022-09-13,16210.0,16250.0,15560.0,15590.0,15590.0,9742.0
2022-09-14,15510.0,15860.0,15320.0,15490.0,15490.0,10096.0
2022-09-15,15330.0,15560.0,14690.0,14860.0,14860.0,8983.0
2022-09-16,14500.0,14560.0,13680.0,14180.0,14180.0,66550.0
2022-09-19,14070.0,14390.0,14010.0,14340.0,14340.0,9721.0
2022-09-20,14360.0,14690.0,14160.0,14160.0,14160.0,6254.0
2022-09-21,14060.0,14350.0,14010.0,14320.0,14320.0,4878.0
2022-09-22,14120.0,14260.0,13700.0,13830.0,13830.0,6281.0
2022-09-23,13730.0,13810.0,13090.0,13320.0,13320.0,10809.0
2022-09-26,13090.0,13650.0,13090.0,13540.0,13540.0,6931.0
2022-09-27,13570.0,13980.0,13550.0,13960.0,13960.0,6787.0
2022-09-28,13630.0,13750.0,13370.0,13740.0,13740.0,4818.0
2022-09-29,13580.0,13700.0,12870.0,12950.0,12950.0,8803.0
2022-09-30,12960.0,13590.0,12960.0,13480.0,13480.0,13836.0
2022-10-03,13500.0,14000.0,13480.0,13830.0,13830.0,8157.0
2022-10-04,13880.0,14250.0,13860.0,14250.0,14250.0,8455.0
2022-10-05,14300.0,14300.0,13630.0,13680.0,13680.0,7475.0
2022-10-06,13800.0,13990.0,13450.0,13800.0,13800.0,4840.0
2022-10-07,14000.0,14030.0,13410.0,13500.0,13500.0,10173.0
2022-10-10,13300.0,14240.0,13270.0,13900.0,13900.0,5852.0
2022-10-11,13690.0,13690.0,13290.0,13530.0,13530.0,6635.0
2022-10-12,13540.0,13910.0,13510.0,13850.0,13850.0,8321.0
2022-10-13,13720.0,14150.0,13560.0,14090.0,14090.0,8172.0
2022-10-14,14450.0,14860.0,14380.0,14500.0,14500.0,12530.0
2022-10-17,14530.0,14820.0,14400.0,14570.0,14570.0,4216.0
2022-10-18,14890.0,15240.0,14690.0,15120.0,15120.0,8956.0
2022-10-19,15250.0,15250.0,14490.0,14530.0,14530.0,5162.0
2022-10-20,14530.0,15100.0,14430.0,14930.0,14930.0,6170.0
2022-10-21,14830.0,15180.0,14720.0,15050.0,15050.0,7689.0
2022-10-24,15200.0,15340.0,14990.0,15090.0,15090.0,2922.0
2022-10-25,15230.0,15270.0,14880.0,15220.0,15220.0,4902.0
2022-10-26,15220.0,15320.0,15050.0,15240.0,15240.0,4347.0
2022-10-27,15290.0,15310.0,14820.0,14930.0,14930.0,7538.0
2022-10-28,14880.0,14880.0,14350.0,14620.0,14620.0,5132.0
2022-10-31,14750.0,15170.0,14650.0,15080.0,15080.0,6027.0
2022-11-01,15240.0,15480.0,15150.0,15450.0,15450.0,5017.0
2022-11-02,15190.0,15190.0,14330.0,14600.0,14600.0,9258.0
2022-11-03,14600.0,14620.0,13850.0,13870.0,13870.0,8816.0
2022-11-04,13900.0,14350.0,13870.0,14120.0,14120.0,8407.0
2022-11-07,14230.0,14870.0,14020.0,14750.0,14750.0,4575.0
2022-11-08,14780.0,15190.0,14650.0,15090.0,15090.0,5456.0
2022-11-09,15160.0,15160.0,14530.0,14710.0,14710.0,5986.0
2022-11-10,14490.0,15280.0,14250.0,14980.0,14980.0,7593.0
2022-11-11,15030.0,15100.0,14740.0,14980.0,14980.0,4292.0
2022-11-14,15100.0,15150.0,14870.0,14990.0,14990.0,3619.0
2022-11-15,14930.0,15170.0,14610.0,14920.0,14920.0,5137.0
2022-11-16,14880.0,14920.0,14400.0,14450.0,14450.0,3888.0
2022-11-17,14400.0,14650.0,14270.0,14590.0,14590.0,5180.0
2022-11-18,14550.0,14740.0,14200.0,14700.0,14700.0,4062.0
2022-11-21,14700.0,14840.0,14460.0,14520.0,14520.0,3665.0
2022-11-22,14570.0,14650.0,14350.0,14550.0,14550.0,3030.0
2022-11-23,14610.0,14800.0,14480.0,14680.0,14680.0,2911.0
2022-11-24,14750.0,15090.0,14710.0,14720.0,14720.0,3650.0
2022-11-25,14810.0,15050.0,14770.0,15050.0,15050.0,3977.0
2022-11-28,14820.0,14930.0,14660.0,14850.0,14850.0,4236.0
2022-11-29,14850.0,14890.0,14470.0,14690.0,14690.0,4213.0
2022-11-30,14720.0,15120.0,14720.0,15030.0,15030.0,15321.0
2022-12-01,15190.0,15380.0,14850.0,14970.0,14970.0,5676.0
2022-12-02,14810.0,14900.0,14550.0,14700.0,14700.0,5833.0
2022-12-05,14700.0,15020.0,14580.0,14820.0,14820.0,4353.0
2022-12-06,14750.0,14800.0,14450.0,14500.0,14500.0,4547.0
2022-12-07,14490.0,14670.0,14310.0,14490.0,14490.0,4487.0
2022-12-08,14450.0,14510.0,14120.0,14160.0,14160.0,5046.0
2022-12-09,14280.0,14740.0,14270.0,14660.0,14660.0,4911.0
2022-12-12,14600.0,14600.0,14230.0,14350.0,14350.0,5390.0
2022-12-13,14410.0,14870.0,14270.0,14530.0,14530.0,5902.0
2022-12-14,14600.0,14790.0,14470.0,14550.0,14550.0,5308.0
2022-12-15,14450.0,14630.0,14220.0,14350.0,14350.0,7850.0
2022-12-16,14350.0,14600.0,14280.0,14480.0,14480.0,14882.0
2022-12-19,14490.0,14770.0,14400.0,14590.0,14590.0,5273.0
2022-12-20,14500.0,14760.0,14390.0,14670.0,14670.0,3823.0
2022-12-21,14680.0,15270.0,14640.0,15230.0,15230.0,5260.0
2022-12-22,15350.0,15430.0,15220.0,15220.0,15220.0,3784.0
2022-12-23,15200.0,15760.0,15150.0,15640.0,15640.0,3407.0
2022-12-26,,,,,,
2022-12-27,15860.0,15960.0,15820.0,15920.0,15920.0,3906.0
2022-12-28,15920.0,15950.0,15610.0,15650.0,15650.0,3884.0
2022-12-29,15610.0,15770.0,15560.0,15620.0,15620.0,3271.0
2022-12-30,15670.0,15800.0,15340.0,15370.0,15370.0,4552.0
